name,owner,stars,createdAt,updatedAt,primaryLanguage,pullRequests,releases,issues,closedIssues
freeCodeCamp,freeCodeCamp,426216,2014-12-24T17:49:19Z,2025-08-22T08:44:02Z,TypeScript,25730,0,19831,19637
build-your-own-x,codecrafters-io,413058,2018-05-09T12:03:18Z,2025-07-29T21:02:41Z,Markdown,142,0,824,595
awesome,sindresorhus,394090,2014-07-11T13:42:37Z,2025-07-18T18:37:33Z,Unknown,679,0,353,340
free-programming-books,EbookFoundation,365763,2013-10-11T06:50:37Z,2025-08-17T15:03:15Z,Python,6820,0,1181,1150
public-apis,public-apis,362436,2016-03-20T23:49:42Z,2025-05-20T15:56:34Z,Python,1872,0,712,704
developer-roadmap,kamranahmedse,334333,2017-03-15T13:45:52Z,2025-08-22T16:11:41Z,TypeScript,3694,1,2941,2693
coding-interview-university,jwasham,324683,2016-06-06T02:34:12Z,2024-12-05T23:47:30Z,Unknown,415,0,516,453
system-design-primer,donnemartin,317090,2017-02-26T16:15:28Z,2025-05-21T11:13:33Z,Python,200,0,339,91
996.ICU,996icu,274131,2019-03-26T07:31:14Z,2025-08-22T06:01:29Z,Unknown,1071,0,0,0
awesome-python,vinta,256245,2014-06-27T21:00:06Z,2025-07-17T16:35:51Z,Python,544,0,0,0
awesome-selfhosted,awesome-selfhosted,243191,2015-06-01T02:33:17Z,2025-08-22T08:51:14Z,Unknown,2394,1,806,806
project-based-learning,practical-tutorials,240662,2017-04-12T05:07:46Z,2024-08-15T05:33:54Z,Unknown,182,0,210,79
react,facebook,238322,2013-05-24T16:15:54Z,2025-08-22T21:46:37Z,JavaScript,12137,105,13998,13196
vue,vuejs,209292,2013-07-29T03:24:51Z,2024-10-10T07:24:15Z,TypeScript,1133,249,10028,9673
Python,TheAlgorithms,204274,2016-07-16T09:44:01Z,2025-08-22T21:16:56Z,Python,2976,0,1587,1511
linux,torvalds,200474,2011-09-04T22:48:12Z,2025-08-22T22:20:33Z,C,10,0,0,0
javascript-algorithms,trekhleb,193057,2018-03-24T07:47:04Z,2025-02-12T16:19:59Z,JavaScript,302,0,366,229
tensorflow,tensorflow,191278,2015-11-07T01:19:20Z,2025-08-23T00:10:04Z,C++,36040,219,40742,39841
computer-science,ossu,190821,2014-05-04T00:18:39Z,2025-07-17T02:38:25Z,HTML,298,0,652,638
the-book-of-secret-knowledge,trimstray,183289,2018-06-23T10:43:14Z,2024-11-19T14:00:38Z,Unknown,122,0,0,0
You-Dont-Know-JS,getify,183006,2013-11-16T02:37:24Z,2025-05-20T14:22:36Z,Unknown,368,0,944,863
CS-Notes,CyC2018,181537,2018-02-13T14:56:24Z,2024-08-21T09:40:10Z,Unknown,374,0,571,448
ohmyzsh,ohmyzsh,180879,2009-08-28T18:15:37Z,2025-08-19T10:46:13Z,Shell,3377,0,4964,4824
AutoGPT,Significant-Gravitas,178000,2023-03-16T09:21:07Z,2025-08-22T23:24:07Z,Python,3199,68,3394,3232
vscode,microsoft,175991,2015-09-03T20:23:38Z,2025-08-22T23:56:54Z,TypeScript,36272,177,205525,193419
bootstrap,twbs,172894,2011-07-29T21:19:00Z,2025-08-22T22:16:00Z,MDX,8974,93,22751,22346
flutter,flutter,172023,2015-03-06T22:54:58Z,2025-08-22T23:54:21Z,Dart,43858,7,108852,96946
Python-100-Days,jackfrued,171163,2018-03-01T16:05:52Z,2025-03-28T10:29:23Z,Jupyter Notebook,13,0,691,118
gitignore,github,168817,2010-11-08T20:17:14Z,2025-08-22T23:36:39Z,Unknown,1716,0,0,0
the-art-of-command-line,jlevy,157864,2015-05-20T15:11:03Z,2024-06-25T18:13:44Z,Unknown,317,0,258,136
stable-diffusion-webui,AUTOMATIC1111,155841,2022-08-22T14:05:26Z,2025-05-03T06:17:03Z,Python,1874,27,7830,5467
JavaGuide,Snailclimb,151377,2018-05-07T13:27:00Z,2025-08-20T02:17:55Z,Java,1180,0,1104,1032
ollama,ollama,150729,2023-06-26T19:39:32Z,2025-08-22T23:26:50Z,Go,2475,143,8011,6236
awesome-go,avelino,150561,2014-07-06T13:42:15Z,2025-08-21T02:49:55Z,Go,3458,0,687,681
transformers,huggingface,148670,2018-10-29T13:56:00Z,2025-08-22T22:07:10Z,Python,16680,224,17820,16737
javascript,airbnb,147290,2012-11-01T23:13:50Z,2024-12-09T06:56:18Z,JavaScript,810,0,1367,1269
Microsoft-Activation-Scripts,massgravel,145621,2020-01-12T23:03:34Z,2025-08-10T21:18:38Z,Batchfile,6,24,721,721
youtube-dl,ytdl-org,136946,2010-10-31T14:35:07Z,2025-05-04T11:53:05Z,Python,1642,341,26768,23125
next.js,vercel,133929,2016-10-05T23:32:51Z,2025-08-23T00:08:01Z,JavaScript,23660,1000,23389,21068
awesome-chatgpt-prompts,f,133051,2022-12-05T13:54:13Z,2025-08-02T07:30:17Z,JavaScript,171,0,0,0
n8n,n8n-io,131919,2019-06-22T09:24:21Z,2025-08-22T19:52:22Z,TypeScript,10641,382,5183,4559
go,golang,129537,2014-08-19T04:33:40Z,2025-08-22T22:46:49Z,Go,1,0,67940,58766
tech-interview-handbook,yangshun,128971,2016-07-05T05:00:48Z,2025-07-10T00:25:52Z,TypeScript,481,0,115,74
fucking-algorithm,labuladong,128961,2020-02-19T09:01:23Z,2025-01-31T06:30:22Z,Markdown,238,1,918,916
scrcpy,Genymobile,126959,2017-11-21T18:00:27Z,2025-08-12T17:04:09Z,C,113,47,5620,3171
HelloGitHub,521xueweihan,125966,2016-05-04T06:24:11Z,2025-07-30T17:30:00Z,Python,16,57,2840,2626
30-seconds-of-code,Chalarangelo,125056,2017-11-29T17:35:03Z,2025-08-21T04:46:35Z,JavaScript,827,12,300,300
react-native,facebook,123507,2015-01-09T18:10:16Z,2025-08-22T19:09:42Z,C++,930,410,27205,26550
yt-dlp,yt-dlp,123399,2020-10-26T04:22:55Z,2025-08-23T00:05:11Z,Python,2909,118,9779,8183
PowerToys,microsoft,122476,2019-05-01T17:44:02Z,2025-08-22T19:20:23Z,C#,5662,117,34575,27572
electron,electron,117994,2013-04-12T01:47:36Z,2025-08-22T18:59:33Z,C++,23274,1000,21049,20296
kubernetes,kubernetes,117020,2014-06-06T22:56:04Z,2025-08-21T14:01:22Z,Go,62232,755,47700,45786
hello-algo,krahets,115665,2022-11-04T11:08:34Z,2025-08-05T18:33:00Z,Java,945,9,270,258
free-programming-books-zh_CN,justjavac,115038,2013-11-04T01:59:19Z,2024-07-15T08:55:20Z,Unknown,282,3,0,0
langchain,langchain-ai,114029,2022-10-17T02:58:36Z,2025-08-22T23:21:29Z,Jupyter Notebook,14493,948,8645,8433
node,nodejs,112883,2014-11-26T19:57:11Z,2025-08-22T19:23:40Z,JavaScript,10765,455,19460,17742
dify,langgenius,111766,2023-04-12T07:40:24Z,2025-08-22T18:31:57Z,TypeScript,7063,140,12608,11914
d3,d3,111336,2010-09-27T17:22:42Z,2025-07-27T11:30:40Z,Shell,493,194,2229,2220
free-for-dev,ripienaar,110646,2015-03-18T21:06:26Z,2025-08-22T13:37:03Z,HTML,2761,0,0,0
three.js,mrdoob,108234,2010-03-23T18:58:01Z,2025-08-22T19:38:06Z,JavaScript,14399,171,13178,12726
open-webui,open-webui,107550,2023-10-06T22:08:27Z,2025-08-22T22:57:03Z,JavaScript,2513,122,6185,5979
axios,axios,107441,2014-08-18T22:30:27Z,2025-08-21T15:41:06Z,JavaScript,1001,97,4844,4587
rust,rust-lang,105965,2010-06-16T20:39:03Z,2025-08-22T21:43:08Z,Rust,65650,140,59246,48604
excalidraw,excalidraw,105806,2020-01-02T01:04:43Z,2025-08-22T17:28:21Z,TypeScript,3702,14,4243,2405
TypeScript,microsoft,105669,2014-06-17T15:28:39Z,2025-08-22T21:17:19Z,TypeScript,14675,212,42457,36869
langflow,langflow-ai,104490,2023-02-08T22:28:03Z,2025-08-22T23:57:25Z,Python,4632,262,2698,2260
deno,denoland,103990,2018-05-15T01:34:26Z,2025-08-22T23:49:36Z,Rust,13345,342,13183,10910
nodebestpractices,goldbergyoni,103979,2017-09-15T08:33:19Z,2025-04-15T21:52:42Z,Dockerfile,765,0,328,285
create-react-app,facebook,103455,2016-07-17T14:55:11Z,2025-02-15T01:32:11Z,JavaScript,1949,83,8402,6567
GitHub-Chinese-Top-Charts,GrowingGit,101360,2019-09-05T03:01:56Z,2024-10-12T06:51:36Z,Java,0,0,340,161
godot,godotengine,100502,2014-01-04T16:05:36Z,2025-08-22T21:14:08Z,C++,38721,61,58132,46035
terminal,microsoft,99299,2017-08-11T18:38:22Z,2025-08-22T23:36:49Z,C++,4189,136,13462,11867
DeepSeek-V3,deepseek-ai,98858,2024-12-26T09:52:40Z,2025-06-27T08:46:37Z,Python,21,1,589,558
angular,angular,98522,2014-09-18T16:12:01Z,2025-08-22T21:45:36Z,TypeScript,3894,471,29482,28136
frp,fatedier,97724,2015-12-21T15:24:59Z,2025-08-15T08:11:06Z,Go,683,106,3904,3844
papers-we-love,papers-we-love,97393,2013-12-15T14:31:41Z,2025-05-04T18:45:38Z,Shell,437,0,246,245
Awesome-Hacking,Hack-with-Github,96661,2016-03-30T15:47:10Z,2025-01-18T01:48:02Z,Unknown,34,0,0,0
iptv,iptv-org,96448,2018-11-14T22:00:57Z,2025-08-23T00:12:01Z,TypeScript,6671,0,14848,14398
material-ui,mui,96442,2014-08-18T19:11:54Z,2025-08-22T23:29:50Z,TypeScript,20807,547,20167,18553
rustdesk,rustdesk,96178,2020-09-28T15:36:08Z,2025-08-21T04:32:08Z,Rust,3637,31,3595,3540
tauri,tauri-apps,95840,2019-07-13T09:09:37Z,2025-08-22T11:06:07Z,Rust,5167,1000,5773,4645
ant-design,ant-design,95735,2015-04-24T15:37:24Z,2025-08-22T09:40:13Z,TypeScript,15773,714,31628,30400
generative-ai-for-beginners,microsoft,95382,2023-06-19T16:28:59Z,2025-08-22T15:25:38Z,Jupyter Notebook,388,0,176,166
thefuck,nvbn,93639,2015-04-08T15:08:04Z,2024-07-19T14:56:13Z,Python,481,17,760,472
clean-code-javascript,ryanmcdermott,93552,2016-11-25T22:25:41Z,2024-07-29T07:24:37Z,JavaScript,149,0,235,163
ui,shadcn-ui,93445,2023-01-04T12:43:27Z,2025-08-21T17:40:41Z,TypeScript,636,52,3348,2379
HowToCook,Anduin2017,92718,2020-02-29T10:43:49Z,2025-08-01T16:17:17Z,Dockerfile,586,4,782,346
pytorch,pytorch,92597,2016-08-13T05:26:41Z,2025-08-23T00:13:15Z,Python,6193,61,53274,37752
java-design-patterns,iluwatar,92549,2014-08-09T16:45:18Z,2025-08-20T14:26:50Z,Java,1507,0,959,830
neovim,neovim,92168,2014-01-31T13:39:22Z,2025-08-22T23:40:24Z,Vim Script,16146,45,13127,11478
puppeteer,puppeteer,92108,2017-05-09T22:16:13Z,2025-08-22T13:11:03Z,TypeScript,5424,560,7220,6955
Web-Dev-For-Beginners,microsoft,91519,2020-11-10T02:44:00Z,2025-08-20T17:05:53Z,JavaScript,517,0,331,243
DeepSeek-R1,deepseek-ai,90959,2025-01-20T11:57:28Z,2025-06-27T08:35:54Z,Unknown,9,1,631,592
vue-element-admin,PanJiaChen,89802,2017-04-17T03:35:49Z,2024-10-24T11:25:46Z,Vue,311,49,3609,2357
tailwindcss,tailwindlabs,89728,2017-10-06T14:59:14Z,2025-08-22T16:47:03Z,TypeScript,3072,290,4542,4462
fastapi,fastapi,88673,2018-12-08T08:21:47Z,2025-08-20T09:12:14Z,Python,2738,208,3466,3417
every-programmer-should-know,mtdvio,87905,2017-08-24T13:18:26Z,2024-08-06T12:01:28Z,Unknown,99,0,52,23
storybook,storybookjs,87574,2016-03-18T04:23:44Z,2025-08-22T16:06:01Z,TypeScript,11483,1000,13696,11616
supabase,supabase,87533,2019-10-12T05:56:49Z,2025-08-22T18:44:53Z,TypeScript,12947,22,4662,4440
awesome-mac,jaywcjlove,87509,2016-07-17T15:33:47Z,2025-08-20T18:34:15Z,JavaScript,991,12,481,367
whisper,openai,87067,2022-09-16T20:02:54Z,2025-08-18T15:03:07Z,Python,119,13,0,0
nvm,nvm-sh,86513,2010-04-15T17:47:47Z,2025-07-03T22:16:48Z,Shell,729,70,2315,1999
ComfyUI,comfyanonymous,86299,2023-01-17T03:15:56Z,2025-08-22T23:39:16Z,Python,1206,73,6200,3673
NextChat,ChatGPTNextWeb,85587,2023-03-10T18:27:54Z,2025-08-10T09:21:12Z,TypeScript,889,77,3547,2888
v2rayN,2dust,85373,2019-07-30T03:47:24Z,2025-08-21T11:32:45Z,C#,273,264,6024,6019
llama.cpp,ggml-org,85340,2023-03-10T18:58:00Z,2025-08-22T22:30:59Z,C++,5524,1000,5715,5374
bitcoin,bitcoin,85156,2010-12-19T15:16:43Z,2025-08-22T14:51:55Z,C++,15517,56,8684,8277
app-ideas,florinpop17,84963,2019-02-25T18:36:56Z,2024-08-16T09:41:10Z,Unknown,149,0,170,44
django,django,84653,2012-04-28T02:47:18Z,2025-08-22T14:16:15Z,Python,9861,0,0,0
svelte,sveltejs,83823,2016-11-20T18:13:05Z,2025-08-22T20:39:59Z,JavaScript,5991,510,8498,7685
gin,gin-gonic,83683,2014-06-16T23:57:25Z,2025-08-12T07:40:45Z,Go,1114,27,2348,1680
opencv,opencv,83641,2012-07-19T09:40:17Z,2025-08-20T12:10:03Z,C++,13085,66,11235,8632
hugo,gohugoio,83017,2013-07-04T15:26:26Z,2025-08-22T16:17:10Z,Go,2959,337,7800,7361
mermaid,mermaid-js,82331,2014-11-01T23:52:32Z,2025-08-22T13:49:33Z,TypeScript,2440,164,3371,2098
realworld,gothinkster,82248,2016-02-26T20:49:53Z,2025-08-20T14:15:33Z,TypeScript,433,0,542,503
animate.css,animate-css,82064,2011-10-12T10:07:38Z,2024-07-29T19:34:21Z,CSS,315,22,880,841
laravel,laravel,81902,2011-06-08T03:06:08Z,2025-08-21T14:55:31Z,Blade,1641,198,0,0
mall,macrozheng,81358,2018-04-04T01:11:44Z,2025-08-11T08:27:41Z,Java,1,3,497,487
FreeDomain,DigitalPlatDev,81168,2024-05-30T13:23:00Z,2025-05-14T11:36:42Z,HTML,0,0,0,0
core,home-assistant,80859,2013-09-17T07:29:48Z,2025-08-22T21:43:06Z,Python,75795,1000,62497,60145
FiraCode,tonsky,79937,2014-11-11T19:32:38Z,2025-05-16T14:49:21Z,Clojure,137,29,1364,954
bun,oven-sh,79866,2021-04-14T00:48:17Z,2025-08-23T00:05:56Z,Zig,5975,196,13108,8317
manim,3b1b,79700,2015-03-22T18:50:58Z,2025-06-14T15:50:43Z,Python,642,13,1212,761
system-prompts-and-models-of-ai-tools,x1xhlol,78340,2025-03-05T16:38:29Z,2025-08-22T20:53:21Z,Unknown,26,0,103,56
spring-boot,spring-projects,78172,2012-10-19T15:02:57Z,2025-08-22T11:12:19Z,Java,42,320,39289,38734
advanced-java,doocs,78135,2018-10-06T11:38:30Z,2025-07-16T12:17:25Z,Java,88,1,147,146
devops-exercises,bregman-arie,78020,2019-10-03T17:31:21Z,2025-08-07T17:27:38Z,Python,302,0,99,64
models,tensorflow,77620,2016-02-05T01:15:20Z,2025-08-20T21:30:40Z,Python,2341,50,7312,6236
awesome-for-beginners,MunGell,76841,2015-10-24T19:53:36Z,2025-08-18T10:50:34Z,Unknown,453,0,185,174
ML-For-Beginners,microsoft,76770,2021-03-03T01:34:05Z,2025-08-20T16:19:26Z,HTML,374,0,147,141
awesome-interview-questions,DopplerHQ,76650,2015-11-28T09:48:17Z,2024-07-29T14:21:23Z,Unknown,175,0,61,34
gpt4all,nomic-ai,76527,2023-03-27T18:49:32Z,2025-05-27T20:05:19Z,C++,934,38,2185,1487
LeetCodeAnimation,MisterBooo,76406,2018-12-06T08:01:22Z,2023-08-14T12:14:01Z,Java,63,0,62,42
playwright,microsoft,76276,2019-11-15T18:32:42Z,2025-08-22T22:48:09Z,TypeScript,15071,151,16314,15480
netdata,netdata,75630,2013-06-17T18:39:10Z,2025-08-22T19:24:39Z,C,10933,121,8118,7950
funNLP,fighting41love,75601,2018-08-21T11:20:39Z,2024-05-10T07:38:24Z,Python,14,0,81,47
Font-Awesome,FortAwesome,75590,2012-02-17T14:19:43Z,2025-08-21T19:46:59Z,JavaScript,212,60,19752,16001
system-design-101,ByteByteGoHq,75464,2023-09-18T20:52:03Z,2025-04-04T17:30:30Z,Unknown,23,0,54,17
syncthing,syncthing,75456,2013-11-26T09:48:21Z,2025-08-22T13:05:15Z,Go,2758,440,5698,5368
github-readme-stats,anuraghazra,75185,2020-07-09T10:34:22Z,2025-08-22T09:13:36Z,JavaScript,1303,0,1304,1108
vite,vitejs,74855,2020-04-21T05:03:57Z,2025-08-22T11:12:53Z,TypeScript,5586,598,8083,7619
json-server,typicode,74818,2013-11-27T13:21:13Z,2025-03-31T11:11:50Z,JavaScript,121,38,1169,549
union,unionlabs,74446,2023-05-16T22:33:39Z,2025-08-22T23:17:13Z,Rust,2758,95,1822,1590
weekly,ruanyf,74176,2018-10-13T12:36:07Z,2025-08-22T00:22:25Z,Unknown,101,0,7110,1081
immich,immich-app,74005,2022-02-03T15:56:27Z,2025-08-23T00:02:39Z,TypeScript,7152,261,6298,5712
uptime-kuma,louislam,73608,2021-07-03T01:02:42Z,2025-08-09T17:31:44Z,JavaScript,1317,111,4167,3455
elasticsearch,elastic,73599,2010-02-08T13:20:56Z,2025-08-22T22:51:20Z,Java,80584,202,40636,36333
hoppscotch,hoppscotch,73598,2019-08-21T13:15:24Z,2025-08-22T17:24:34Z,TypeScript,1870,83,2045,1555
code-server,coder,73529,2019-02-27T16:50:41Z,2025-08-16T01:59:28Z,TypeScript,1576,200,3704,3569
awesome-vue,vuejs,73197,2015-10-20T00:16:14Z,2025-07-07T06:55:09Z,Unknown,3574,0,228,190
fzf,junegunn,73111,2013-10-23T16:04:23Z,2025-08-22T13:51:19Z,Go,595,70,3016,2781
Best-websites-a-programmer-should-visit,sdmg15,72892,2017-03-05T20:25:17Z,2025-07-01T08:13:14Z,Unknown,431,0,174,103
Deep-Live-Cam,hacksider,72653,2023-09-24T13:19:31Z,2025-08-11T13:37:45Z,Python,85,8,988,921
nest,nestjs,72360,2017-02-04T20:12:52Z,2025-08-22T23:30:58Z,TypeScript,7412,131,5673,5644
markitdown,microsoft,72176,2024-11-13T19:56:40Z,2025-08-11T21:41:01Z,Python,147,14,323,69
d2l-zh,d2l-ai,71857,2017-08-23T04:40:24Z,2024-07-30T09:32:19Z,Python,1019,16,0,0
clash-verge-rev,clash-verge-rev,71430,2023-11-21T18:24:03Z,2025-08-22T23:00:24Z,TypeScript,321,50,3795,3686
stable-diffusion,CompVis,71367,2022-08-10T14:36:44Z,2024-06-18T01:53:49Z,Jupyter Notebook,5,0,727,195
gemini-cli,google-gemini,71232,2025-04-17T17:04:31Z,2025-08-23T00:13:46Z,TypeScript,1945,48,3608,2308
Front-End-Checklist,thedaviddias,70869,2017-10-16T10:12:36Z,2025-02-14T00:53:27Z,Unknown,179,1,148,147
screenshot-to-code,abi,70775,2023-11-14T17:53:32Z,2025-07-27T20:51:24Z,Python,49,0,382,278
redis,redis,70564,2009-03-21T22:32:25Z,2025-08-21T14:31:28Z,C,4162,96,6781,4629
moby,moby,70516,2013-01-18T18:10:57Z,2025-08-22T22:18:52Z,Go,21492,237,23125,19928
flask,pallets,70208,2010-04-06T11:11:59Z,2025-08-19T21:10:21Z,Python,1613,37,2692,2691
Ventoy,ventoy,70053,2020-03-10T15:19:19Z,2025-08-18T16:13:54Z,C,280,105,2532,1671
cs-video-courses,Developer-Y,69619,2016-10-21T17:02:11Z,2025-08-12T11:43:03Z,Unknown,234,0,0,0
grafana,grafana,69575,2013-12-11T15:59:56Z,2025-08-23T00:05:23Z,TypeScript,56800,550,40986,37486
awesome-react,enaqx,69519,2014-08-06T05:31:44Z,2024-12-06T20:56:37Z,Unknown,780,0,113,109
reveal.js,hakimel,69461,2011-06-07T18:54:22Z,2025-08-05T08:24:50Z,JavaScript,409,49,2464,1690
awesome-machine-learning,josephmisiti,69416,2014-07-15T19:11:19Z,2025-08-13T18:34:54Z,Python,872,0,93,93
PayloadsAllTheThings,swisskyrepo,69372,2016-10-18T07:29:07Z,2025-08-14T09:11:08Z,Python,548,5,0,0
strapi,strapi,69242,2015-09-30T15:34:48Z,2025-08-22T18:15:15Z,TypeScript,9125,478,11188,10204
gpt_academic,binary-husky,69148,2023-03-20T09:05:13Z,2025-07-31T14:22:25Z,Python,223,32,1741,1478
tesseract,tesseract-ocr,69004,2014-08-12T18:04:59Z,2025-08-15T21:00:54Z,C++,1411,34,2726,2303
swift,swiftlang,68977,2015-10-23T21:15:07Z,2025-08-22T21:38:37Z,C++,55448,60,16783,9429
protobuf,protocolbuffers,68866,2014-08-26T15:52:15Z,2025-08-22T23:42:48Z,C++,7785,195,6640,6407
cpython,python,68484,2017-02-10T19:23:51Z,2025-08-23T00:01:37Z,Python,52820,0,73368,66129
node,base,68446,2023-02-01T13:55:02Z,2025-08-14T13:15:56Z,Go,186,54,241,190
browser-use,browser-use,68430,2024-10-31T16:00:56Z,2025-08-22T23:06:59Z,Python,990,74,1059,551
sherlock,sherlock-project,68158,2018-12-24T14:30:48Z,2025-05-06T09:55:10Z,Python,642,1,1075,971
imgui,ocornut,67736,2014-07-21T14:29:47Z,2025-08-20T18:22:40Z,C++,405,114,6536,5524
superset,apache,67706,2015-07-21T18:55:34Z,2025-08-23T00:01:15Z,TypeScript,14846,232,11638,11169
express,expressjs,67569,2009-06-26T18:56:01Z,2025-08-22T07:12:09Z,JavaScript,461,160,3990,3885
openai-cookbook,openai,67343,2022-03-11T02:08:53Z,2025-08-21T14:52:16Z,Jupyter Notebook,863,0,602,558
new-pac,Alvin9999,67288,2016-03-23T08:43:36Z,2025-08-23T00:07:31Z,Python,0,0,1773,1334
LLMs-from-scratch,rasbt,66997,2023-07-23T18:15:57Z,2025-08-22T20:12:26Z,Jupyter Notebook,390,0,176,172
awesome-mcp-servers,punkpeye,66983,2024-11-30T04:49:10Z,2025-08-18T04:08:50Z,Unknown,919,0,103,74
cs-self-learning,PKUFlyingPig,66640,2021-10-20T13:43:42Z,2025-08-19T14:18:37Z,HTML,297,5,210,104
Chart.js,chartjs,66407,2013-03-17T23:56:36Z,2025-08-18T04:22:01Z,JavaScript,3002,116,7266,6804
localsend,localsend,66348,2022-12-16T00:46:07Z,2025-08-21T00:36:58Z,Dart,667,24,1432,645
obs-studio,obsproject,66341,2013-10-01T02:40:31Z,2025-08-22T23:48:59Z,C,5236,223,4606,3934
caddy,caddyserver,66317,2015-01-13T19:45:03Z,2025-08-22T21:29:34Z,Go,2128,129,4330,4152
ansible,ansible,66012,2012-03-06T14:58:02Z,2025-08-22T22:31:46Z,Python,39195,162,33033,32478
awesome-cpp,fffaraz,65818,2014-07-17T08:51:11Z,2025-08-22T08:38:51Z,Unknown,801,0,584,237
tabby,Eugeny,65657,2016-12-23T09:06:10Z,2025-08-22T20:34:05Z,TypeScript,1489,200,5726,3419
uv,astral-sh,65556,2023-10-02T20:24:11Z,2025-08-22T20:09:42Z,Rust,7210,209,7387,5464
33-js-concepts,leonardomso,65529,2018-09-04T13:27:04Z,2025-08-18T10:06:29Z,JavaScript,252,0,103,81
webpack,webpack,65493,2012-03-10T10:08:14Z,2025-08-22T17:05:32Z,JavaScript,5110,438,10089,9970
servers,modelcontextprotocol,65353,2024-11-19T01:10:17Z,2025-08-22T02:48:39Z,TypeScript,881,19,634,458
act,nektos,65278,2019-01-02T19:53:43Z,2025-08-21T23:39:01Z,Go,1049,88,1281,1062
SecLists,danielmiessler,65102,2012-02-19T01:30:18Z,2025-08-22T14:03:51Z,PHP,681,28,298,291
AppFlowy,AppFlowy-IO,65028,2021-06-16T12:56:48Z,2025-08-20T02:52:32Z,Dart,3886,111,3622,2646
gpt4free,xtekky,64996,2023-03-29T17:00:43Z,2025-08-22T23:58:13Z,Python,819,336,1865,1860
javascript-questions,lydiahallie,64785,2019-06-12T08:26:27Z,2024-08-04T16:08:40Z,Unknown,328,0,250,233
lobe-chat,lobehub,64738,2023-05-21T07:19:12Z,2025-08-22T16:45:21Z,TypeScript,2515,1000,4339,3443
awesome-scalability,binhnguyennus,64678,2017-12-27T03:46:40Z,2025-07-26T06:03:03Z,Unknown,36,0,0,0
Stirling-PDF,Stirling-Tools,64531,2023-01-27T18:22:42Z,2025-08-22T16:42:42Z,Java,2220,135,1393,1077
echarts,apache,64434,2013-04-03T03:18:59Z,2025-08-22T11:10:12Z,TypeScript,1448,122,19089,17231
interviews,kdn251,64383,2017-02-14T18:19:25Z,2025-05-12T12:56:04Z,Java,42,0,56,24
zed,zed-industries,64246,2021-02-20T03:01:06Z,2025-08-22T23:38:05Z,Rust,16391,969,14113,11506
awesome-public-datasets,awesomedata,64145,2014-11-20T06:20:50Z,2025-07-23T17:35:09Z,Unknown,188,1,118,48
lazygit,jesseduffield,63912,2018-05-19T00:53:06Z,2025-08-20T08:45:36Z,Go,1690,169,2291,1594
nocode,kelseyhightower,63782,2018-02-06T23:54:00Z,2024-08-07T03:19:12Z,Dockerfile,1,1,4863,716
the-algorithm,twitter,63508,2023-03-27T14:57:57Z,2024-07-10T07:07:01Z,Scala,2,0,1010,729
keras,keras-team,63360,2015-03-28T00:35:42Z,2025-08-22T17:48:22Z,Python,4243,81,12528,12295
anime,juliangarnier,63341,2016-03-13T21:37:45Z,2025-08-13T09:42:37Z,JavaScript,79,22,793,718
scikit-learn,scikit-learn,63102,2010-08-17T09:43:38Z,2025-08-22T17:06:19Z,Python,13464,47,11655,10077
ragflow,infiniflow,62887,2023-12-12T06:13:13Z,2025-08-22T13:13:24Z,TypeScript,3746,31,4986,2303
design-resources-for-developers,bradtraversy,62806,2020-05-06T14:40:35Z,2025-07-21T22:28:56Z,Unknown,949,0,104,104
Java,TheAlgorithms,62780,2016-07-16T10:21:02Z,2025-08-22T16:01:40Z,Java,2020,0,1108,1101
annotated_deep_learning_paper_implementations,labmlai,62676,2020-08-25T02:29:34Z,2025-08-21T07:04:16Z,Python,101,0,137,113
resume.github.com,resume,62593,2011-02-06T13:39:55Z,2023-02-15T06:38:51Z,JavaScript,84,0,122,66
Apollo-11,chrislgarry,62509,2014-04-03T15:45:02Z,2025-08-07T19:45:50Z,Assembly,343,0,382,326
OpenHands,All-Hands-AI,62435,2024-03-13T03:33:31Z,2025-08-22T23:27:29Z,Python,5126,76,3290,2954
awesome-courses,prakhar1989,62354,2014-11-15T18:36:49Z,2023-05-04T12:49:34Z,Unknown,194,0,81,39
socket.io,socketio,62322,2010-03-11T18:24:48Z,2025-08-16T07:10:41Z,TypeScript,435,75,3616,3423
awesome-nodejs,sindresorhus,62313,2014-07-11T13:35:34Z,2025-07-16T17:42:05Z,Unknown,418,0,104,102
sway,FuelLabs,62143,2021-01-19T20:54:33Z,2025-08-22T23:48:08Z,Rust,3501,178,3301,2451
docusaurus,facebook,61412,2017-06-20T16:13:53Z,2025-08-20T14:33:46Z,TypeScript,5482,151,3319,3024
awesome-llm-apps,Shubhamsaboo,61339,2024-04-29T05:30:25Z,2025-08-18T02:24:57Z,Python,132,0,93,87
redux,reduxjs,61309,2015-05-29T23:53:15Z,2025-07-24T14:32:21Z,TypeScript,1720,78,2062,2024
Prompt-Engineering-Guide,dair-ai,60987,2022-12-16T16:04:50Z,2025-08-13T20:22:11Z,MDX,338,0,223,71
lodash,lodash,60866,2012-04-07T04:11:46Z,2024-12-12T22:27:04Z,JavaScript,581,2,4312,4228
atom,atom,60579,2012-01-20T18:18:21Z,2023-01-03T10:49:48Z,JavaScript,3933,538,17111,16148
Front-end-Developer-Interview-Questions,h5bp,60520,2012-02-09T23:34:10Z,2025-08-12T14:41:23Z,Nunjucks,484,0,177,143
architect-awesome,xingshaocheng,60400,2018-04-06T13:30:58Z,2024-04-11T11:32:12Z,Unknown,49,0,71,22
open-interpreter,openinterpreter,60331,2023-07-14T07:10:44Z,2025-08-06T17:38:07Z,Python,369,48,1025,797
localstack,localstack,60216,2016-10-25T23:48:03Z,2025-08-22T20:43:17Z,Python,6234,94,5997,5758
alacritty,alacritty,60045,2016-02-18T05:02:30Z,2025-08-21T20:59:18Z,Rust,1888,101,6123,5800
prometheus,prometheus,60032,2012-11-24T11:14:12Z,2025-08-22T17:33:52Z,Go,7634,341,6169,5646
llm-course,mlabonne,60004,2023-06-17T22:16:25Z,2025-06-04T16:09:23Z,Unknown,1,0,84,30
markdown-here,adam-p,59999,2012-05-13T03:27:22Z,2025-08-22T00:21:50Z,JavaScript,27,17,629,329
rustlings,rust-lang,59707,2015-09-15T02:25:18Z,2025-08-21T22:05:36Z,Rust,915,46,736,689
ghidra,NationalSecurityAgency,59589,2019-03-01T03:27:48Z,2025-08-22T17:37:42Z,Java,524,45,5535,4072
jquery,jquery,59547,2009-04-03T15:20:14Z,2025-08-18T20:30:03Z,JavaScript,812,11,2365,2286
nerd-fonts,ryanoasis,59272,2014-12-05T04:31:17Z,2025-08-03T13:24:02Z,CSS,550,38,1093,1062
shadowsocks-windows,shadowsocks,58988,2013-01-14T07:54:16Z,2025-01-01T08:09:55Z,C#,290,55,2912,2727
tldr,tldr-pages,58950,2013-12-08T07:34:43Z,2025-08-23T00:13:31Z,Markdown,14705,6,1526,1341
angular.js,angular,58756,2010-01-06T00:34:37Z,2024-04-12T17:43:16Z,JavaScript,789,0,9040,8649
spring-framework,spring-projects,58706,2010-12-08T04:04:45Z,2025-08-22T21:29:45Z,Java,871,341,27115,26829
llama,meta-llama,58670,2023-02-14T09:29:12Z,2025-01-26T21:42:26Z,Python,53,0,1096,652
scrapy,scrapy,58031,2010-02-22T02:01:14Z,2025-08-21T08:23:11Z,Python,2392,43,3181,2714
MetaGPT,FoundationAgents,58028,2023-06-30T09:04:55Z,2025-06-30T11:45:55Z,Python,660,22,870,853
nuxt,nuxt,57997,2016-10-26T11:18:47Z,2025-08-22T11:21:17Z,TypeScript,6902,256,16675,15887
leetcode-master,youngyangyang04,57899,2019-12-14T12:05:42Z,2025-08-13T05:58:41Z,Shell,2306,0,272,66
uBlock,gorhill,57850,2015-04-01T17:51:11Z,2025-08-22T16:35:17Z,JavaScript,252,277,3445,3432
fuel-core,FuelLabs,57532,2020-08-27T21:12:14Z,2025-08-20T14:05:03Z,Rust,1553,123,1112,970
rails,rails,57328,2008-04-11T02:19:47Z,2025-08-22T14:13:05Z,Ruby,25157,149,18199,17719
html5-boilerplate,h5bp,57125,2010-01-24T18:03:24Z,2025-08-01T07:44:25Z,JavaScript,790,34,1354,1346
awesome-flutter,Solido,56934,2017-05-07T11:45:27Z,2025-07-20T21:50:22Z,Dart,444,0,0,0
LLaMA-Factory,hiyouga,56612,2023-05-28T10:09:12Z,2025-08-20T15:52:51Z,Python,691,34,7337,6738
nocodb,nocodb,56573,2017-10-29T18:51:48Z,2025-08-22T15:57:45Z,TypeScript,5297,174,4235,3609
private-gpt,zylon-ai,56502,2023-05-02T09:15:31Z,2024-11-13T19:30:32Z,Python,224,10,1213,961
DeepLearning-500-questions,scutan90,56471,2018-06-27T06:36:45Z,2024-06-26T12:10:14Z,JavaScript,302,0,191,81
drawio-desktop,jgraph,56419,2017-05-25T20:58:42Z,2025-08-18T22:28:20Z,JavaScript,20,159,1635,1573
you-get,soimort,56356,2012-08-20T15:53:36Z,2025-04-27T15:33:25Z,Python,582,123,0,0
mkcert,FiloSottile,56204,2018-06-25T05:33:03Z,2024-08-13T13:37:46Z,Go,52,14,344,239
traefik,traefik,56179,2015-09-13T19:04:02Z,2025-08-22T15:20:06Z,Go,4705,481,6352,5711
git,git,56153,2008-07-23T14:21:26Z,2025-08-22T21:04:59Z,C,3,0,0,0
vllm,vllm-project,56052,2023-02-09T11:23:20Z,2025-08-22T22:09:05Z,Python,8743,73,10347,8536
awesome-chatgpt-prompts-zh,PlexPt,56012,2022-12-12T01:55:03Z,2025-01-01T08:34:33Z,Unknown,33,0,96,58
gatsby,gatsbyjs,55918,2015-05-21T22:43:05Z,2025-08-20T20:40:52Z,JavaScript,18184,149,14119,13904
openpilot,commaai,55873,2016-11-24T01:33:30Z,2025-08-23T00:01:44Z,Python,11777,58,3061,2930
leetcode,azl397985856,55575,2018-03-30T09:13:51Z,2025-07-16T09:42:17Z,JavaScript,257,40,257,248
Magisk,topjohnwu,55436,2016-09-08T12:42:53Z,2025-08-22T19:05:45Z,Kotlin,1618,151,6262,6225
react-router,remix-run,55396,2014-05-16T22:22:51Z,2025-08-22T20:22:58Z,TypeScript,3194,311,8148,8049
face_recognition,ageitgey,55298,2017-03-03T21:52:39Z,2024-08-21T06:22:36Z,Python,94,2,1370,595
yolov5,ultralytics,55076,2020-05-18T03:45:11Z,2025-08-18T06:55:17Z,Python,2206,10,9431,9174
Real-Time-Voice-Cloning,CorentinJ,54899,2019-05-26T08:56:15Z,2025-05-30T11:41:05Z,Python,48,0,1101,896
gpt-engineer,AntonOsika,54759,2023-04-29T12:52:15Z,2025-05-14T10:15:10Z,Python,350,20,501,470
minio,minio,54753,2015-01-14T19:23:58Z,2025-08-22T14:15:21Z,Go,9855,519,7811,7776
ripgrep,BurntSushi,54702,2016-03-11T02:02:33Z,2025-08-20T11:08:10Z,Rust,516,72,1711,1579
AFFiNE,toeverything,54489,2022-07-31T18:45:21Z,2025-08-22T09:46:26Z,TypeScript,8710,573,3015,2733
faceswap,deepfakes,54430,2017-12-19T09:44:13Z,2025-07-11T17:20:12Z,Python,357,4,881,847
zustand,pmndrs,54277,2019-04-09T09:10:06Z,2025-08-19T23:17:08Z,TypeScript,808,98,690,688
element,ElemeFE,54241,2016-09-03T06:19:26Z,2024-08-20T07:40:13Z,Vue,3231,145,17864,15250
bat,sharkdp,54078,2018-04-21T10:52:23Z,2025-08-22T14:59:35Z,Rust,1468,41,1518,1193
ChatGPT,lencx,54042,2022-12-07T09:43:02Z,2024-08-29T17:58:11Z,Rust,123,34,1200,361
project-layout,golang-standards,53555,2017-09-09T16:33:26Z,2025-01-14T03:24:13Z,Makefile,90,0,112,44
awesome-android-ui,wasabeef,53454,2014-12-24T01:45:03Z,2024-07-06T09:06:23Z,Unknown,90,0,114,94
rich,Textualize,53420,2019-11-10T15:28:09Z,2025-08-13T10:52:09Z,Python,836,170,1430,1223
normalize.css,necolas,53355,2011-05-04T10:20:25Z,2024-06-12T20:36:06Z,CSS,56,0,517,461
hackingtool,Z4nzu,53334,2020-04-11T09:21:31Z,2025-03-03T15:17:19Z,Python,56,0,373,321
requests,psf,53197,2011-02-13T18:38:17Z,2025-08-18T20:33:27Z,Python,1591,14,4061,3860
maybe,maybe-finance,53157,2024-01-01T22:23:46Z,2025-07-24T22:20:44Z,Ruby,1073,28,0,0
pi-hole,pi-hole,53027,2014-06-08T15:02:55Z,2025-08-20T16:43:27Z,Shell,2106,118,3082,3043
astro,withastro,52969,2021-03-15T17:19:47Z,2025-08-22T22:39:15Z,TypeScript,7328,1000,5568,5419
PaddleOCR,PaddlePaddle,52901,2020-05-08T10:38:16Z,2025-08-22T07:00:54Z,Python,2961,24,9900,9764
meilisearch,meilisearch,52885,2018-04-23T11:45:28Z,2025-08-21T15:58:12Z,Rust,2148,266,2308,2097
FFmpeg,FFmpeg,52461,2011-04-14T14:12:38Z,2025-08-22T22:44:38Z,C,16,0,0,0
appwrite,appwrite,52398,2019-04-08T16:36:25Z,2025-08-22T23:04:41Z,TypeScript,3847,112,4089,3462
rclone,rclone,52204,2014-03-16T16:19:57Z,2025-08-22T16:42:38Z,Go,2118,115,5791,4818
awesome-rust,rust-unofficial,52182,2014-07-17T10:45:10Z,2025-08-17T08:06:05Z,Rust,1568,0,142,132
github-cheat-sheet,tiimgreen,52125,2014-04-12T16:38:42Z,2024-04-15T20:15:56Z,Unknown,129,0,71,48
ionic-framework,ionic-team,51994,2013-08-20T23:06:02Z,2025-08-22T21:53:15Z,TypeScript,6304,914,22058,21482
material-design-icons,google,51992,2014-10-08T18:01:28Z,2025-08-15T03:42:17Z,Unknown,50,16,1531,1159
dive,wagoodman,51790,2018-05-13T15:44:01Z,2025-08-21T14:42:08Z,Go,164,28,359,202
pdf.js,mozilla,51654,2011-04-26T06:32:03Z,2025-08-22T18:34:03Z,JavaScript,8091,76,10277,9873
segment-anything,facebookresearch,51614,2023-03-23T17:03:03Z,2024-09-18T17:46:55Z,Jupyter Notebook,15,0,703,178
crawl4ai,unclecode,51410,2024-05-09T09:48:50Z,2025-08-22T04:05:28Z,Python,89,8,796,648
core,vuejs,51373,2018-06-12T13:49:36Z,2025-08-22T21:30:31Z,TypeScript,3234,246,5776,5105
Docker-OSX,sickcodes,51227,2020-06-04T11:01:37Z,2025-06-06T10:08:10Z,Shell,107,0,667,282
Semantic-UI,Semantic-Org,51195,2013-04-08T23:32:04Z,2024-11-27T21:01:48Z,JavaScript,355,154,6235,5268
kotlin,JetBrains,51135,2012-02-13T17:29:58Z,2025-08-22T23:34:35Z,Kotlin,2064,266,0,0
firecrawl,firecrawl,51103,2024-04-15T21:02:29Z,2025-08-22T21:43:19Z,TypeScript,817,23,680,533
trackerslist,ngosang,51088,2016-04-24T11:57:57Z,2025-08-22T22:07:47Z,Unknown,1,0,485,479
guava,google,51032,2014-05-29T16:23:17Z,2025-08-13T20:49:53Z,Java,1013,56,3620,2992
marktext,marktext,51011,2017-11-12T16:05:25Z,2024-08-18T21:21:46Z,JavaScript,939,36,2913,1637
OpenBB,OpenBB-finance,51011,2020-12-20T10:46:38Z,2025-08-20T03:18:48Z,Python,4114,46,2245,2208
joplin,laurent22,50926,2017-01-16T21:49:41Z,2025-08-22T20:07:32Z,TypeScript,4411,385,7252,6708
prettier,prettier,50862,2016-11-29T17:13:37Z,2025-08-19T14:29:20Z,JavaScript,8872,127,6958,5736
starship,starship,50698,2019-04-02T03:23:12Z,2025-08-22T21:52:34Z,Rust,2901,135,2510,1774
powerlevel10k,romkatv,50622,2019-02-24T19:09:45Z,2025-04-29T13:00:59Z,Shell,167,33,2572,2466
jekyll,jekyll,50503,2008-10-20T06:29:03Z,2025-07-11T12:07:19Z,Ruby,3188,112,4897,4781
grok-1,xai-org,50409,2024-03-17T08:53:38Z,2024-08-30T04:17:25Z,Python,5,0,0,0
Ghost,TryGhost,50361,2013-05-04T11:09:13Z,2025-08-22T20:38:44Z,JavaScript,14280,903,7132,7066
gitea,go-gitea,50272,2016-11-01T02:13:26Z,2025-08-22T23:19:55Z,Go,17778,216,14895,12300
GPT-SoVITS,RVC-Boss,50246,2024-01-14T18:05:21Z,2025-08-02T09:47:15Z,Python,338,4,1892,1178
DefinitelyTyped,DefinitelyTyped,50230,2012-10-05T16:39:45Z,2025-08-22T17:01:34Z,TypeScript,52119,1,8088,7521
ImHex,WerWolv,50209,2020-11-10T14:27:00Z,2025-08-23T00:09:57Z,C++,671,80,1418,1182
etcd,etcd-io,50126,2013-07-06T21:57:21Z,2025-08-22T15:33:51Z,Go,9795,259,7004,6822
pocketbase,pocketbase,50011,2022-07-05T06:06:21Z,2025-08-22T20:21:36Z,Go,54,220,1839,1820
first-contributions,firstcontributions,49993,2016-09-20T14:35:09Z,2025-08-22T22:06:17Z,Unknown,86141,0,933,909
chinese-poetry,chinese-poetry,49960,2016-09-02T03:32:25Z,2025-04-02T09:42:19Z,JavaScript,137,1,211,92
bulma,jgthms,49907,2016-01-23T23:48:34Z,2025-06-27T16:28:35Z,CSS,642,22,2724,2394
awesome-ios,vsouza,49691,2014-07-10T16:03:45Z,2025-02-04T14:00:13Z,Swift,2233,0,488,486
go-ethereum,ethereum,49603,2013-12-26T13:05:46Z,2025-08-22T17:44:11Z,Go,8252,219,8485,8281
cline,cline,49599,2024-07-06T07:28:10Z,2025-08-23T00:12:07Z,TypeScript,1658,146,2240,1747
hiring-without-whiteboards,poteto,49166,2017-03-15T05:09:01Z,2025-07-31T15:11:49Z,JavaScript,1300,0,0,0
OpenManus,FoundationAgents,49164,2025-03-06T14:08:14Z,2025-08-18T13:56:34Z,Python,106,3,705,312
autogen,microsoft,49001,2023-08-18T11:43:45Z,2025-08-20T06:43:11Z,Python,2499,97,2856,2463
Motrix,agalwood,48953,2018-12-18T11:45:05Z,2024-07-11T12:09:20Z,JavaScript,192,21,1340,593
mastodon,mastodon,48893,2016-02-22T15:01:25Z,2025-08-23T00:13:24Z,Ruby,17715,289,12255,8233
cypress,cypress-io,48832,2015-03-04T00:46:28Z,2025-08-22T23:14:00Z,TypeScript,7372,373,15088,13780
awesome-wechat-weapp,justjavac,48758,2016-09-22T20:04:48Z,2025-02-20T04:45:43Z,Unknown,277,0,0,0
30-Days-Of-Python,Asabeneh,48702,2019-11-19T17:24:16Z,2025-06-04T21:49:56Z,Python,61,0,135,79
hacker-scripts,NARKOZ,48650,2015-11-21T19:05:09Z,2023-10-23T21:01:40Z,JavaScript,63,0,88,53
alist,AlistGo,48295,2020-12-23T17:40:29Z,2025-08-19T08:34:42Z,Go,860,137,4347,3798
RxJava,ReactiveX,48252,2013-01-08T20:11:48Z,2025-08-22T06:57:35Z,Java,3329,241,3171,3159
vaultwarden,dani-garcia,48249,2018-02-17T22:40:20Z,2025-08-20T21:50:52Z,Rust,993,73,2364,2353
PowerShell,PowerShell,48245,2016-01-13T23:41:35Z,2025-08-22T07:41:09Z,C#,7550,186,13018,11917
anything-llm,Mintplex-Labs,48223,2023-06-04T02:29:14Z,2025-08-22T23:26:37Z,JavaScript,1072,20,2751,2494
dayjs,iamkun,48156,2018-04-10T09:26:44Z,2025-08-20T04:48:02Z,JavaScript,694,119,1771,849
moment,moment,48091,2011-03-01T02:46:06Z,2024-08-14T17:12:19Z,JavaScript,714,0,4154,3911
100-Days-Of-ML-Code,Avik-Jain,48016,2018-07-05T09:11:43Z,2023-12-29T07:57:53Z,Unknown,6,0,0,0
professional-programming,charlax,47950,2015-11-07T05:07:52Z,2025-08-10T22:03:37Z,Python,39,0,29,29
algorithm-visualizer,algorithm-visualizer,47654,2016-05-15T00:27:45Z,2024-06-09T06:54:22Z,JavaScript,183,0,118,76
ChinaTextbook,TapXWorld,47542,2020-01-05T04:11:06Z,2025-05-18T04:38:09Z,Roff,1,0,112,53
julia,JuliaLang,47529,2011-04-21T07:01:50Z,2025-08-22T21:57:45Z,Julia,25824,181,25364,21384
big-list-of-naughty-strings,minimaxir,47385,2015-08-08T20:57:20Z,2024-04-18T03:26:59Z,Python,90,0,101,32
huginn,huginn,47108,2013-03-10T06:00:31Z,2025-08-19T22:39:18Z,Ruby,1043,1,2170,1569
json,nlohmann,46931,2013-07-04T08:47:49Z,2025-08-22T16:23:18Z,C++,901,45,2339,2298
ladybird,LadybirdBrowser,46902,2024-05-30T09:18:10Z,2025-08-22T18:27:26Z,C++,4243,0,1140,636
serverless,serverless,46839,2015-04-21T03:48:40Z,2025-08-21T21:50:45Z,JavaScript,4717,454,6518,5385
gogs,gogs,46800,2014-02-12T01:57:08Z,2025-08-04T01:57:30Z,Go,1766,84,5158,4223
Projects,karan,46758,2013-07-04T13:37:27Z,2024-08-14T19:06:05Z,Unknown,19,0,83,35
design-patterns-for-humans,kamranahmedse,46749,2017-02-16T21:24:39Z,2024-12-02T04:54:48Z,Unknown,50,0,52,47
x64dbg,x64dbg,46731,2015-04-11T20:48:23Z,2025-08-22T23:17:40Z,C++,744,4,2630,2024
okhttp,square,46604,2012-07-23T13:42:55Z,2025-08-22T08:13:00Z,Kotlin,3765,0,4182,4132
react,typescript-cheatsheets,46558,2018-06-02T04:08:16Z,2025-08-20T06:49:37Z,JavaScript,370,0,222,220
pandas,pandas-dev,46370,2010-08-24T01:37:33Z,2025-08-22T16:50:55Z,Python,26923,112,27669,24084
query,TanStack,46351,2019-09-10T19:23:58Z,2025-08-22T22:12:30Z,TypeScript,2894,1000,2166,2102
type-challenges,type-challenges,46315,2020-07-23T14:33:11Z,2025-08-22T13:08:56Z,TypeScript,588,0,36322,3846
v2ray-core,v2ray,46303,2015-09-04T11:42:53Z,2025-08-12T11:15:43Z,Go,203,247,2591,2583
terraform,hashicorp,46213,2014-03-13T22:25:48Z,2025-08-22T15:23:56Z,Go,12789,378,21412,19676
open-source-ios-apps,dkhamsing,46207,2015-01-26T23:32:34Z,2025-08-22T16:49:18Z,Unknown,1411,37,310,310
learn-regex,ziishaned,46066,2017-07-22T12:21:03Z,2025-03-27T03:50:12Z,Unknown,131,0,87,35
Fooocus,lllyasviel,46056,2023-08-09T18:43:40Z,2025-01-24T10:55:35Z,Python,447,21,1611,1400
quill,slab,45981,2012-07-30T23:23:18Z,2025-07-25T06:09:23Z,TypeScript,381,95,3775,3267
lx-music-desktop,lyswhut,45843,2019-08-14T14:31:08Z,2025-08-10T05:53:17Z,TypeScript,86,110,2193,1236
htmx,bigskysoftware,45755,2020-04-13T16:17:51Z,2025-08-02T14:24:24Z,JavaScript,956,26,1572,1005
lazydocker,jesseduffield,45730,2019-05-18T08:53:50Z,2024-12-22T10:43:30Z,Go,186,42,362,190
pixijs,pixijs,45600,2013-01-21T22:40:50Z,2025-08-22T15:13:59Z,TypeScript,3684,293,5984,5750
kubernetes-the-hard-way,kelseyhightower,45520,2016-07-07T14:15:27Z,2025-04-10T06:11:47Z,Unknown,73,0,428,415
PythonDataScienceHandbook,jakevdp,45270,2016-08-10T14:24:36Z,2024-06-26T19:17:33Z,Jupyter Notebook,28,0,203,78
awesome-react-components,brillout,45266,2016-06-24T15:19:33Z,2024-08-12T13:52:53Z,Unknown,324,0,52,44
architecture-samples,android,45253,2016-02-05T13:42:07Z,2025-08-21T05:35:06Z,Kotlin,232,0,486,348
jadx,skylot,45200,2013-03-18T17:08:21Z,2025-08-12T08:52:56Z,Java,577,31,1918,1528
odoo,odoo,45187,2014-05-13T15:38:58Z,2025-08-22T23:51:30Z,Python,6181,0,18397,15107
typst,typst,45044,2019-09-24T21:41:56Z,2025-08-22T17:27:59Z,Rust,1828,22,3482,2576
jest,jestjs,44983,2013-12-10T00:18:04Z,2025-07-27T02:20:19Z,TypeScript,5701,208,8115,7862
30-Days-Of-JavaScript,Asabeneh,44956,2019-12-23T14:07:40Z,2025-02-11T09:46:11Z,JavaScript,98,0,174,59
dbeaver,dbeaver,44951,2015-10-21T08:26:28Z,2025-08-22T16:56:33Z,Java,6124,230,19369,16324
AdminLTE,ColorlibHQ,44942,2013-12-25T02:52:40Z,2025-08-20T14:08:12Z,CSS,1545,77,2887,2747
open-source-mac-os-apps,serhii-londar,44928,2017-11-03T02:35:33Z,2025-04-26T22:41:38Z,Unknown,525,0,211,161
discourse,discourse,44878,2013-01-12T00:25:55Z,2025-08-22T22:26:21Z,Ruby,30081,0,0,0
awesome-java,akullpp,44790,2014-07-09T10:12:43Z,2025-07-27T09:22:12Z,Unknown,715,0,136,136
text-generation-webui,oobabooga,44772,2022-12-21T04:17:37Z,2025-08-22T21:43:28Z,Python,1183,80,4004,1429
meteor,meteor,44682,2012-01-19T01:58:17Z,2025-08-22T17:03:46Z,JavaScript,2537,0,9206,8947
ultralytics,ultralytics,44678,2022-09-11T16:39:45Z,2025-08-22T15:39:23Z,Python,3514,258,11660,11411
frontend-dev-bookmarks,dypsilon,44648,2013-06-22T13:23:55Z,2024-05-21T10:56:58Z,Unknown,129,1,107,82
brew,Homebrew,44604,2016-03-06T05:08:38Z,2025-08-22T15:47:07Z,Ruby,13004,443,4804,4786
unsloth,unslothai,44538,2023-11-29T16:50:09Z,2025-08-22T11:03:02Z,Python,481,16,2454,1735
zx,google,44507,2021-05-05T05:50:01Z,2025-08-21T11:00:58Z,JavaScript,552,96,490,476
coolify,coollabsio,44475,2021-01-25T20:54:01Z,2025-08-22T15:34:10Z,PHP,1646,619,2797,2232
termux-app,termux,44356,2015-10-23T09:42:46Z,2025-08-22T19:52:32Z,Java,162,95,2924,2520
hyper,vercel,44194,2016-07-01T06:01:21Z,2024-08-14T03:32:57Z,TypeScript,3291,88,3814,2872
CppCoreGuidelines,isocpp,44102,2015-08-19T20:22:52Z,2025-07-27T13:54:28Z,CSS,812,4,1211,964
v2rayNG,2dust,44090,2019-05-15T02:15:31Z,2025-08-17T03:16:11Z,Kotlin,498,256,3417,3409
parcel,parcel-bundler,43933,2017-08-07T16:36:47Z,2025-08-21T15:12:28Z,JavaScript,2591,48,5486,5009
llama_index,run-llama,43840,2022-11-02T04:24:54Z,2025-08-22T21:04:28Z,Python,7020,405,6618,6403
awesome-design-patterns,DovAmir,43808,2018-06-04T17:47:48Z,2024-10-25T19:57:00Z,Unknown,30,0,15,5
memos,usememos,43786,2021-12-08T15:30:18Z,2025-08-19T13:57:38Z,Go,1796,80,2466,2441
nanoGPT,karpathy,43774,2022-12-28T00:51:12Z,2024-12-09T23:53:04Z,Python,45,0,337,109
build-web-application-with-golang,astaxie,43770,2012-08-02T11:49:35Z,2024-05-12T00:47:46Z,Go,757,0,304,183
acme.sh,acmesh-official,43740,2015-12-26T12:56:33Z,2025-08-19T02:05:37Z,Shell,1422,44,3318,2240
awesome-cheatsheets,LeCoupa,43728,2017-11-09T02:47:15Z,2024-08-24T21:07:02Z,JavaScript,169,0,96,59
react-hook-form,react-hook-form,43718,2019-03-05T23:47:10Z,2025-08-19T23:02:58Z,TypeScript,2071,585,4835,4761
babel,babel,43701,2014-09-28T13:38:23Z,2025-08-22T20:50:32Z,TypeScript,6288,442,8996,8401
TensorFlow-Examples,aymericdamien,43695,2015-11-11T14:21:19Z,2024-07-26T19:46:13Z,Jupyter Notebook,88,0,237,70
monaco-editor,microsoft,43691,2016-06-07T16:56:31Z,2025-08-15T22:22:30Z,JavaScript,467,91,3834,3154
retrofit,square,43684,2010-09-06T21:39:43Z,2025-08-22T18:33:54Z,HTML,1186,4,2748,2621
JeecgBoot,jeecgboot,43677,2018-11-26T10:40:00Z,2025-08-22T09:58:42Z,Java,122,61,7582,7558
fuels-rs,FuelLabs,43633,2021-10-31T22:33:54Z,2025-08-21T01:32:58Z,Rust,899,117,658,609
fuels-ts,FuelLabs,43618,2021-09-03T18:11:03Z,2025-08-17T19:28:01Z,TypeScript,1969,154,1456,1398
prisma,prisma,43568,2019-06-20T13:33:47Z,2025-08-22T17:47:53Z,TypeScript,6351,223,11362,9050
grpc,grpc,43532,2014-12-08T18:58:53Z,2025-08-22T22:59:21Z,C++,20039,355,11793,11118
front-end-interview-handbook,yangshun,43455,2018-01-13T19:40:08Z,2025-08-20T11:59:10Z,MDX,346,0,101,91
Leaflet,Leaflet,43450,2010-09-22T16:57:44Z,2025-08-19T19:53:46Z,JavaScript,3115,33,5278,4883
react-use,streamich,43445,2018-10-27T10:16:05Z,2025-08-22T18:34:55Z,TypeScript,1532,256,598,244
metabase,metabase,43365,2015-02-02T19:25:47Z,2025-08-23T00:07:16Z,Clojure,34120,678,23067,19495
Rocket.Chat,RocketChat,43254,2015-05-19T07:36:09Z,2025-08-22T21:51:23Z,TypeScript,14483,1000,16354,13776
pyenv,pyenv,42970,2012-08-31T06:57:52Z,2025-08-16T17:17:53Z,Roff,974,132,1858,1805
edex-ui,GitSquared,42950,2017-01-28T09:35:02Z,2021-10-19T22:38:47Z,JavaScript,399,29,559,553
Flowise,FlowiseAI,42888,2023-03-31T12:23:09Z,2025-08-19T16:38:59Z,TypeScript,1329,73,2248,1629
jellyfin,jellyfin,42848,2018-12-09T06:36:45Z,2025-08-22T20:57:17Z,C#,4819,91,7279,6882
reactjs-interview-questions,sudheerj,42824,2018-05-31T17:17:01Z,2025-08-21T16:06:18Z,JavaScript,162,0,110,107
expo,expo,42594,2016-08-15T17:14:25Z,2025-08-22T22:05:28Z,TypeScript,17943,0,16986,16562
whisper.cpp,ggml-org,42584,2022-09-25T18:26:37Z,2025-08-18T17:30:50Z,C++,863,27,1749,832
nvm-windows,coreybutler,42498,2014-09-20T16:37:28Z,2025-03-31T10:37:07Z,Go,107,23,927,847
ClickHouse,ClickHouse,42489,2016-06-02T08:28:18Z,2025-08-22T21:11:05Z,C++,50444,672,25004,20551
pm2,Unitech,42477,2013-05-21T03:25:25Z,2025-06-05T09:16:23Z,JavaScript,551,128,5080,4078
git-flight-rules,k88hudson,42422,2014-07-22T20:35:09Z,2025-04-11T22:26:43Z,Unknown,225,0,73,55
MinerU,opendatalab,42354,2024-02-29T08:52:34Z,2025-08-22T11:21:21Z,Python,1026,121,1685,1552
Made-With-ML,GokuMohandas,42266,2018-11-05T03:44:27Z,2024-08-18T04:34:15Z,Jupyter Notebook,147,0,74,58
TTS,coqui-ai,42196,2020-05-20T15:45:28Z,2024-08-16T12:07:14Z,Python,465,98,1191,1185
what-happens-when,alex,42190,2013-11-07T04:30:06Z,2024-08-19T13:02:25Z,Unknown,108,0,292,53
Alamofire,Alamofire,42054,2014-07-31T05:56:19Z,2025-05-14T03:37:18Z,Swift,650,102,2799,2757
python-patterns,faif,41974,2012-06-06T21:02:35Z,2025-07-19T00:16:40Z,Python,273,0,93,83
ruff,astral-sh,41863,2022-08-09T17:17:44Z,2025-08-22T23:43:14Z,Rust,11190,376,7131,5621
CPlusPlusThings,Light-City,41860,2019-07-14T08:45:45Z,2024-06-14T01:58:36Z,C++,72,0,228,218
sentry,getsentry,41790,2010-08-30T22:06:41Z,2025-08-22T23:16:15Z,Python,72741,154,15744,13592
spark,apache,41726,2014-02-25T08:00:08Z,2025-08-22T22:35:08Z,Scala,8,0,0,0
airflow,apache,41685,2015-04-13T18:04:58Z,2025-08-22T22:46:46Z,Python,29365,103,12451,11177
iina,iina,41634,2016-12-19T07:18:45Z,2025-08-16T21:50:55Z,Swift,851,45,4186,2427
stablediffusion,Stability-AI,41611,2022-11-23T23:59:50Z,2025-06-25T14:18:37Z,Python,17,0,324,76
kong,Kong,41593,2014-11-17T23:56:08Z,2025-08-22T12:45:31Z,Lua,6478,145,4558,4490
EasySpider,NaiboWang,41580,2020-07-18T02:41:27Z,2025-07-31T07:56:57Z,JavaScript,40,10,713,485
freqtrade,freqtrade,41572,2017-05-17T23:48:53Z,2025-08-21T05:15:45Z,Python,5895,100,5331,5303
yarn,yarnpkg,41558,2016-01-19T17:39:16Z,2025-08-22T21:04:32Z,JavaScript,1654,152,6606,4731
cobra,spf13,41514,2013-09-03T20:40:26Z,2025-08-11T13:58:23Z,Go,614,24,1212,986
tldraw,tldraw,41414,2021-05-09T11:48:37Z,2025-08-22T20:32:52Z,TypeScript,3557,81,1743,1516
diagrams,mingrammer,41368,2020-02-02T15:23:24Z,2025-08-18T15:20:34Z,Python,328,44,533,222
swiper,nolimits4web,41331,2012-03-14T19:11:45Z,2025-08-13T22:34:49Z,JavaScript,604,87,5752,5537
ailearning,apachecn,41295,2017-02-25T08:53:02Z,2024-11-12T16:21:55Z,Python,478,2,115,112
dubbo,apache,41241,2012-06-19T07:56:02Z,2025-08-20T07:37:30Z,Java,5786,111,7276,6476
bevy,bevyengine,41174,2020-01-18T21:13:55Z,2025-08-22T23:09:04Z,Rust,6202,43,7212,4831
vue2-elm,bailicangdu,41150,2016-12-23T01:49:20Z,2025-04-11T12:52:02Z,Vue,21,0,630,512
Pake,tw93,41128,2022-10-14T09:32:57Z,2025-08-22T15:54:20Z,JavaScript,100,32,401,375
ChatGLM-6B,zai-org,41112,2023-03-13T12:00:18Z,2024-06-27T04:05:25Z,Python,48,0,1308,751
ColossalAI,hpcaitech,41106,2021-10-28T16:19:44Z,2025-08-18T09:10:00Z,Python,3699,50,1725,1298
jsoncrack.com,AykutSarac,41057,2022-01-30T15:25:18Z,2025-08-22T17:58:28Z,TypeScript,85,22,266,234
uni-app,dcloudio,41055,2018-07-12T08:52:39Z,2025-08-22T11:25:33Z,JavaScript,459,0,4924,4233
streamlit,streamlit,41034,2019-08-24T00:14:52Z,2025-08-22T22:51:25Z,Python,5665,105,5396,4293
nw.js,nwjs,41033,2012-01-04T06:21:10Z,2025-08-20T16:06:57Z,JavaScript,575,0,7399,6477
spotube,KRTirtho,41023,2021-02-14T03:17:58Z,2025-08-19T16:34:47Z,Dart,246,40,1863,1082
awesome-compose,docker,40923,2020-02-13T08:51:42Z,2025-07-22T05:26:19Z,HTML,149,0,127,40
chinese-independent-developer,1c7,40894,2017-09-21T11:08:23Z,2025-08-22T14:02:39Z,Unknown,315,0,201,199
styled-components,styled-components,40882,2016-08-16T06:41:32Z,2025-06-18T19:28:46Z,TypeScript,966,176,2953,2651
black,psf,40841,2018-03-14T19:54:45Z,2025-08-19T12:31:01Z,Python,1585,46,2723,2394
vuetify,vuetifyjs,40691,2016-09-12T00:39:35Z,2025-08-22T20:24:12Z,TypeScript,4390,605,14905,14402
hexo,hexojs,40671,2012-09-23T15:17:08Z,2025-08-16T00:51:53Z,TypeScript,945,114,3985,3912
zig,ziglang,40664,2015-08-06T00:51:28Z,2025-08-22T21:23:24Z,Zig,9179,20,13105,9703
TrafficMonitor,zhongyang219,40577,2017-07-30T02:51:17Z,2025-08-21T11:07:54Z,C++,63,26,1883,712
fastlane,fastlane,40424,2014-12-02T17:00:38Z,2025-08-07T21:19:55Z,Ruby,6234,552,13187,12501
cli,cli,40380,2019-10-03T15:24:53Z,2025-08-21T19:10:59Z,Go,2605,175,5143,4308
fanqiang,bannedbook,40300,2015-01-14T00:34:25Z,2025-08-19T12:08:26Z,Kotlin,3,3,796,467
mitmproxy,mitmproxy,40251,2010-02-16T04:10:13Z,2025-08-19T21:04:35Z,Python,2632,76,3561,3228
Summer2026-Internships,SimplifyJobs,40186,2020-05-23T20:53:18Z,2025-08-23T00:07:09Z,Unknown,1673,0,3697,3668
pure-bash-bible,dylanaraps,40002,2018-06-13T01:39:33Z,2023-11-28T03:26:23Z,Shell,28,0,77,33
tabler,tabler,39961,2018-02-01T09:08:59Z,2025-08-18T15:16:15Z,HTML,722,51,1091,1004
cheat.sh,chubin,39927,2017-05-07T21:40:56Z,2025-08-08T05:15:06Z,Python,129,0,258,133
WeChatMsg,LC044,39913,2023-01-11T05:03:49Z,2025-04-26T17:26:17Z,Unknown,62,0,0,0
DeepSpeed,deepspeedai,39836,2020-01-23T18:35:18Z,2025-08-22T02:59:00Z,Python,2747,98,3176,2083
penpot,penpot,39770,2015-12-29T22:09:07Z,2025-08-22T14:51:54Z,Clojure,4520,59,1920,1429
GitHubDaily,GitHubDaily,39752,2018-12-30T13:56:58Z,2025-03-20T08:54:47Z,Unknown,3,0,576,176
AI-For-Beginners,microsoft,39740,2021-03-03T16:27:36Z,2025-08-20T23:43:32Z,Jupyter Notebook,171,0,133,106
zod,colinhacks,39630,2020-03-07T20:59:08Z,2025-08-22T22:43:47Z,TypeScript,840,179,2707,2515
gradio,gradio-app,39592,2018-12-19T08:24:04Z,2025-08-22T21:47:57Z,Python,4751,1000,5931,5502
50projects50days,bradtraversy,39591,2020-11-16T14:39:01Z,2025-02-26T13:49:39Z,CSS,44,0,0,0
chakra-ui,chakra-ui,39573,2019-08-17T14:27:54Z,2025-08-22T19:48:51Z,TypeScript,2811,1000,4149,4149
helix,helix-editor,39556,2020-06-01T04:26:56Z,2025-08-22T13:35:44Z,Rust,4249,30,5384,4544
awesome-remote-job,lukasz-madon,39517,2015-01-02T00:31:34Z,2025-07-30T18:42:16Z,Unknown,592,0,80,75
ai-hedge-fund,virattt,39498,2024-11-29T16:30:01Z,2025-08-20T19:46:02Z,Python,33,0,217,198
slidev,slidevjs,39492,2021-04-24T01:25:23Z,2025-08-20T07:18:54Z,TypeScript,711,394,1214,1073
bert,google-research,39444,2018-10-25T22:57:34Z,2024-07-23T23:39:41Z,Python,32,0,1145,355
wrk,wg,39408,2012-03-20T11:12:28Z,2023-12-30T10:33:51Z,C,0,0,406,262
php-src,php,39391,2011-06-16T01:52:25Z,2025-08-22T16:37:24Z,C,4257,23,4332,3503
zju-icicles,QSCTech,39376,2016-06-28T16:17:32Z,2025-06-23T16:45:51Z,HTML,224,0,78,69
MoneyPrinterTurbo,harry0703,39365,2024-03-11T02:57:34Z,2025-06-11T06:34:54Z,Python,136,9,573,393
legado,gedoor,39341,2019-05-22T04:18:58Z,2025-08-18T06:51:31Z,Kotlin,1134,115,2970,2927
fd,sharkdp,39259,2017-05-09T21:27:10Z,2025-08-19T20:17:09Z,Rust,651,40,917,787
esbuild,evanw,39251,2016-06-14T16:08:50Z,2025-08-13T02:31:20Z,Go,246,301,3762,3247
Deep-Learning-Papers-Reading-Roadmap,floodsung,39231,2016-10-14T11:49:48Z,2022-11-27T13:18:32Z,Python,28,0,57,5
winutil,ChrisTitusTech,39209,2022-04-28T02:25:19Z,2025-08-21T18:39:39Z,PowerShell,846,22,1903,1707
upscayl,upscayl,39199,2022-07-30T17:19:20Z,2025-08-01T14:28:41Z,TypeScript,100,29,951,893
English-level-up-tips,byoungd,39161,2017-05-30T07:18:52Z,2024-07-13T17:58:27Z,HTML,26,0,101,72
video.js,videojs,39063,2010-05-14T18:45:10Z,2025-08-01T12:24:02Z,JavaScript,1801,332,5385,4807
FastChat,lm-sys,39017,2023-03-19T00:18:02Z,2025-06-02T15:22:03Z,Python,849,14,1900,1066
materialize,Dogfalo,38963,2014-09-12T19:35:38Z,2025-08-10T02:17:57Z,JavaScript,449,41,5222,4599
tidb,pingcap,38912,2015-09-06T04:01:52Z,2025-08-22T18:30:59Z,Go,33108,210,21300,17255
pandoc,jgm,38888,2010-03-20T20:34:23Z,2025-08-21T21:25:08Z,Haskell,1684,147,7988,7018
vim,vim,38812,2015-08-18T21:03:56Z,2025-08-22T16:48:18Z,Vim Script,440,0,8924,7408
gorm,go-gorm,38737,2013-10-25T08:31:38Z,2025-08-20T04:51:20Z,Go,753,5,6004,5548
tmux,tmux,38634,2015-06-03T23:32:55Z,2025-08-22T11:58:27Z,C,1,37,3717,3662
mem0,mem0ai,38622,2023-06-20T08:58:36Z,2025-08-22T21:23:26Z,Python,1669,265,1094,744
curl,curl,38619,2010-03-18T22:32:22Z,2025-08-22T23:12:34Z,C,198,91,5156,5146
ray,ray-project,38596,2016-10-25T19:38:30Z,2025-08-23T00:08:35Z,Python,27166,108,20930,18226
remote-jobs,remoteintech,38589,2015-10-13T03:49:25Z,2025-07-23T00:32:09Z,JavaScript,1283,0,190,168
chatgpt-on-wechat,zhayujie,38570,2022-08-07T08:33:41Z,2025-08-08T02:47:49Z,Python,261,63,1999,1699
aria2,aria2,38526,2010-11-27T09:41:48Z,2025-08-18T08:51:00Z,C++,253,24,1891,824
styleguide,google,38434,2015-05-20T19:18:59Z,2025-07-31T22:16:21Z,HTML,194,0,355,239
RSSHub,DIYgod,38407,2018-04-02T14:43:21Z,2025-08-22T15:08:13Z,TypeScript,11065,0,6095,5742
bark,suno-ai,38400,2023-04-07T19:34:48Z,2024-08-19T07:45:36Z,Jupyter Notebook,19,0,469,239
daisyui,saadeghi,38389,2020-11-28T22:57:27Z,2025-08-22T11:45:40Z,Svelte,426,100,1973,1927
quivr,QuivrHQ,38322,2023-05-12T23:53:30Z,2025-07-09T12:55:23Z,Python,1819,354,1535,1533
phaser,phaserjs,38289,2013-04-12T12:27:51Z,2025-08-22T15:37:44Z,JavaScript,1729,172,4553,4474
trpc,trpc,38286,2020-07-18T01:17:11Z,2025-08-22T07:54:49Z,TypeScript,3711,218,1283,1139
plane,makeplane,38257,2022-11-19T12:55:01Z,2025-08-22T21:25:39Z,TypeScript,5599,48,1316,870
Files,files-community,38241,2019-01-04T18:19:14Z,2025-08-21T21:56:53Z,C#,5337,123,10605,10107
photoprism,photoprism,38168,2018-01-27T12:00:15Z,2025-08-22T13:28:53Z,Go,812,78,2381,1957
logseq,logseq,38124,2020-05-23T00:06:06Z,2025-08-22T17:42:37Z,Clojure,3066,150,7919,6697
MPAndroidChart,PhilJay,38090,2014-04-25T14:29:47Z,2025-06-05T07:06:39Z,Java,191,44,4964,2899
free,freefq,38074,2020-06-07T02:48:33Z,2024-08-20T09:43:55Z,Unknown,0,0,749,216
impress.js,impress,38043,2011-12-28T22:23:19Z,2025-08-06T20:46:54Z,JavaScript,120,15,483,431
leveldb,google,38030,2014-08-27T21:17:52Z,2025-01-30T17:33:01Z,C++,64,21,777,537
shellcheck,koalaman,37964,2012-11-17T03:15:11Z,2025-08-12T17:10:23Z,Haskell,306,30,2849,1718
preact,preactjs,37894,2015-09-11T02:40:18Z,2025-08-22T07:25:06Z,JavaScript,1920,231,1893,1838
appsmith,appsmithorg,37758,2020-06-30T04:07:36Z,2025-08-21T12:24:48Z,TypeScript,13948,290,23572,19229
ccxt,ccxt,37721,2017-05-14T15:41:56Z,2025-08-22T09:26:03Z,Python,13372,173,10917,10097
cal.com,calcom,37675,2021-03-22T13:47:42Z,2025-08-22T20:29:53Z,TypeScript,10534,511,8102,6958
novu,novuhq,37638,2021-08-26T15:22:44Z,2025-08-22T15:11:51Z,TypeScript,6013,50,1620,1398
Awesome-Design-Tools,goabstract,37633,2019-02-12T13:55:30Z,2024-07-28T19:57:31Z,JavaScript,283,0,45,25
ChatTTS,2noise,37600,2024-05-27T18:26:49Z,2025-07-06T15:11:14Z,Python,214,6,656,587
python-cheatsheet,gto76,37584,2018-01-25T04:16:53Z,2025-07-31T18:22:41Z,Python,14,0,65,60
system-design,karanpratapsingh,37545,2022-08-15T18:59:54Z,2024-04-10T15:00:47Z,Unknown,11,0,22,21
freecodecamp.cn,FreeCodeCampChina,37458,2016-09-30T03:13:43Z,2023-07-16T16:48:59Z,CSS,55,0,586,445
Open-Assistant,LAION-AI,37454,2022-12-13T05:24:17Z,2024-08-17T01:55:35Z,Python,1614,127,1645,1417
fiber,gofiber,37441,2020-01-16T03:59:20Z,2025-08-22T22:42:36Z,Go,1808,127,1570,1492
Free-Certifications,cloudcommunity,37438,2020-07-31T10:26:19Z,2025-07-22T03:37:50Z,Unknown,114,0,106,69
ant-design-pro,ant-design,37431,2017-08-25T10:40:44Z,2025-08-15T08:39:00Z,TypeScript,1008,26,9754,9601
jan,menloresearch,37354,2023-08-17T02:17:10Z,2025-08-22T12:52:27Z,TypeScript,2679,87,2853,2718
tutorials,eugenp,37236,2013-04-29T18:26:36Z,2025-08-22T01:38:05Z,Java,13368,0,789,772
data-engineer-handbook,DataExpert-io,37233,2023-11-19T19:47:41Z,2025-08-18T22:00:46Z,Jupyter Notebook,171,0,77,64
lapce,lapce,37199,2018-02-06T08:41:06Z,2025-08-22T00:45:11Z,Rust,1171,32,1977,1177
istio,istio,37175,2016-11-18T23:57:21Z,2025-08-22T19:00:44Z,Go,28441,393,21159,20692
full-stack-fastapi-template,fastapi,37074,2019-02-23T15:08:34Z,2025-08-22T10:27:57Z,TypeScript,411,10,430,260
payload,payloadcms,37069,2021-01-05T18:49:45Z,2025-08-23T00:06:44Z,TypeScript,5827,522,3743,3363
tesseract.js,naptha,37058,2015-06-24T02:49:52Z,2025-08-06T17:11:18Z,JavaScript,195,56,726,695
devdocs,freeCodeCamp,37049,2013-10-24T18:16:07Z,2025-08-20T22:51:57Z,Ruby,926,0,1230,1039
windows,dockur,37017,2024-01-14T13:09:40Z,2025-08-18T03:43:35Z,Shell,411,104,834,738
GFPGAN,TencentARC,37006,2021-03-19T06:18:20Z,2024-07-26T18:44:02Z,Python,14,8,499,134
aspnetcore,dotnet,36998,2014-03-11T06:09:42Z,2025-08-22T21:45:06Z,C#,17775,258,37609,34086
interview_internal_reference,0voice,36976,2019-06-10T06:54:19Z,2024-05-20T12:04:02Z,Python,35,0,49,19
insomnia,Kong,36969,2016-04-23T03:54:26Z,2025-08-22T17:18:48Z,TypeScript,3354,525,3877,3195
docs,inkonchain,36930,2024-05-07T16:49:36Z,2025-08-18T07:43:19Z,MDX,393,0,33,13
wtfjs,denysdovhan,36921,2017-07-14T15:42:12Z,2025-03-18T13:55:28Z,JavaScript,125,25,117,95
node,inkonchain,36893,2024-05-13T23:20:40Z,2025-07-23T18:13:58Z,Shell,35,6,24,13
aider,Aider-AI,36873,2023-05-09T18:57:49Z,2025-08-13T17:30:01Z,Python,263,93,3693,2693
taro,NervJS,36837,2018-04-08T09:32:26Z,2025-08-22T22:05:17Z,TypeScript,3392,200,12543,11014
ink-kit,inkonchain,36799,2024-11-04T16:32:17Z,2025-07-23T18:10:56Z,TypeScript,90,0,4,3
googletest,google,36778,2015-07-28T15:07:53Z,2025-08-20T05:05:51Z,C++,813,11,2323,1979
siyuan,siyuan-note,36758,2020-08-30T09:21:35Z,2025-08-22T13:31:15Z,TypeScript,481,812,14921,14514
milvus,milvus-io,36732,2019-09-16T06:43:43Z,2025-08-22T11:21:47Z,Go,22790,129,14053,13472
faiss,facebookresearch,36731,2017-02-07T16:07:05Z,2025-08-22T19:42:20Z,C++,137,20,2674,2442
deeplearningbook-chinese,exacity,36685,2016-12-07T11:46:51Z,2019-12-03T04:25:44Z,TeX,16,7,203,139
interview,huihut,36648,2018-02-09T09:49:48Z,2025-07-27T12:36:29Z,C++,35,0,66,65
v,vlang,36641,2019-02-08T02:57:06Z,2025-08-22T18:13:57Z,V,12269,274,9687,8596
arthas,alibaba,36635,2018-08-29T17:15:57Z,2025-07-30T07:50:51Z,Java,540,59,2094,1722
halo,halo-dev,36633,2018-03-21T12:56:52Z,2025-08-22T04:08:34Z,Java,2615,226,4321,4028
JavaFamily,AobingJava,36600,2019-11-12T04:26:18Z,2024-09-04T09:25:59Z,Unknown,2,0,65,60
wtfpython,satwikkansal,36579,2017-08-28T20:22:19Z,2025-05-10T11:50:03Z,Python,113,2,222,157
MockingBird,babysor,36567,2021-08-07T03:53:39Z,2024-11-15T05:00:29Z,Python,80,1,888,412
docling,docling-project,36539,2024-07-09T07:50:26Z,2025-08-22T14:15:40Z,Python,520,117,1106,621
cli,httpie,36409,2012-02-25T12:39:13Z,2024-12-17T17:30:35Z,Python,406,47,902,722
gym,openai,36406,2016-04-27T14:59:16Z,2024-10-11T20:07:05Z,Python,998,19,1838,1726
ToolJet,ToolJet,36361,2021-03-30T08:51:34Z,2025-08-22T16:16:43Z,JavaScript,6676,322,5002,4369
bruno,usebruno,36358,2022-09-27T20:51:45Z,2025-08-22T14:19:01Z,JavaScript,1267,140,3053,1851
chatbox,chatboxai,36325,2023-03-06T12:22:15Z,2025-08-20T08:29:12Z,TypeScript,71,47,2274,1450
HEU_KMS_Activator,zbezj,36311,2019-06-23T00:49:35Z,2025-08-19T13:44:06Z,Unknown,0,48,182,28
Umi-OCR,hiroi-sora,36231,2022-03-28T04:01:46Z,2025-05-31T08:22:02Z,Python,56,31,782,512
google-research,google-research,36220,2018-10-04T18:42:48Z,2025-08-22T23:33:08Z,Jupyter Notebook,29,0,1404,343
metasploit-framework,rapid7,36207,2011-08-30T06:13:20Z,2025-08-21T12:00:00Z,Ruby,11346,0,6280,5843
og-aws,open-guides,36200,2016-07-13T17:30:16Z,2024-08-16T02:51:54Z,Shell,498,0,227,87
nushell,nushell,36154,2019-05-10T16:59:42Z,2025-08-21T20:08:28Z,Rust,7902,111,6634,5155
MediaCrawler,NanmiCoder,36108,2023-06-09T12:14:34Z,2025-08-18T11:15:50Z,Python,101,0,491,392
manifesto,opentofu,36084,2023-08-13T16:17:24Z,2025-03-18T18:26:51Z,HTML,765,0,26,14
date-fns,date-fns,36052,2014-10-06T10:24:22Z,2025-08-14T23:54:15Z,TypeScript,1068,122,1997,1367
shadowsocks-android,shadowsocks,36025,2012-12-16T13:40:29Z,2025-07-12T23:41:14Z,Kotlin,256,185,2505,2457
compose,docker,36009,2013-12-09T11:40:58Z,2025-08-20T10:53:41Z,Go,3541,263,8118,8038
lerna,lerna,36008,2015-12-04T09:36:55Z,2025-08-06T17:08:47Z,TypeScript,997,244,2675,2277
crewAI,crewAIInc,36006,2023-10-27T03:26:59Z,2025-08-23T00:02:06Z,Python,937,99,1487,1439
codex,openai,35944,2025-04-13T05:37:54Z,2025-08-23T00:14:41Z,Rust,937,85,960,659
Langchain-Chatchat,chatchat-space,35939,2023-03-31T12:12:45Z,2025-03-25T15:45:51Z,TypeScript,615,31,4186,4079
DragGAN,XingangPan,35914,2023-05-18T10:08:02Z,2024-05-18T17:51:40Z,Python,18,0,191,46
sheetjs,SheetJS,35876,2012-12-03T19:25:52Z,2024-04-18T08:06:46Z,Unknown,106,0,2386,2267
955.WLB,formulahendry,35852,2019-03-27T23:53:37Z,2025-02-03T05:15:20Z,Unknown,18,0,263,82
cobalt,imputnet,35782,2022-07-08T18:12:55Z,2025-08-19T08:07:36Z,Svelte,243,0,939,776
hello-algorithm,geekxh,35755,2020-05-29T05:47:09Z,2023-06-13T04:13:17Z,Java,26,0,44,33
typeorm,typeorm,35696,2016-02-29T07:41:14Z,2025-08-21T15:40:07Z,TypeScript,2176,38,8402,6058
carbon,carbon-app,35637,2017-06-16T02:50:28Z,2025-06-03T06:16:59Z,JavaScript,668,215,686,627
puter,HeyPuter,35617,2024-03-03T01:44:32Z,2025-08-22T21:06:06Z,JavaScript,593,8,696,520
koa,koajs,35602,2013-07-20T18:53:45Z,2025-08-22T04:28:26Z,JavaScript,522,9,926,909
HanLP,hankcs,35539,2014-10-09T06:36:16Z,2025-05-15T02:30:50Z,Python,79,62,1429,1421
fullPage.js,alvarotrigo,35464,2013-09-20T11:58:29Z,2025-06-28T00:48:36Z,JavaScript,320,105,4131,3999
lottie-android,airbnb,35455,2016-10-06T22:42:42Z,2025-08-08T21:24:48Z,Java,713,59,1778,1744
engineering-blogs,kilimchoi,35428,2015-06-13T18:25:17Z,2024-08-21T13:01:11Z,Ruby,681,0,97,74
REKCARC-TSC-UHT,PKUanonym,35405,2019-04-05T03:31:23Z,2025-08-21T04:21:04Z,HTML,171,0,32,30
desktop,zen-browser,35392,2024-03-28T00:05:55Z,2025-08-22T20:45:39Z,C++,481,115,6918,6535
marked,markedjs,35384,2011-07-24T13:15:51Z,2025-08-18T00:58:03Z,TypeScript,1554,156,1604,1592
mindsdb,mindsdb,35377,2018-08-02T17:56:45Z,2025-08-22T19:56:59Z,Python,5370,311,4305,4259
awesome-react-native,jondot,35327,2015-03-26T19:58:06Z,2024-07-05T13:12:41Z,JavaScript,912,0,73,35
nativefier,nativefier,35285,2015-07-05T05:56:42Z,2023-09-29T13:45:16Z,TypeScript,261,99,1237,982
spacedrive,spacedriveapp,35266,2021-09-27T05:09:04Z,2025-03-24T14:19:49Z,TypeScript,1881,26,507,388
vim-plug,junegunn,35156,2013-09-10T14:58:51Z,2025-03-29T05:17:01Z,Vim Script,177,8,1037,966
sqlmap,sqlmapproject,35109,2012-06-26T09:52:15Z,2025-08-19T09:32:01Z,Python,173,10,5344,5296
pytorch-image-models,huggingface,35093,2019-02-02T05:51:12Z,2025-08-08T19:23:26Z,Python,479,69,998,947
twenty,twentyhq,35070,2022-12-01T13:04:40Z,2025-08-22T17:28:04Z,TypeScript,7212,46,5208,5021
hackathon-starter,sahat,35053,2013-11-13T17:24:12Z,2025-07-30T18:07:42Z,JavaScript,347,17,680,670
awesome-shell,alebcay,35022,2014-07-07T01:57:42Z,2024-08-21T06:53:29Z,Unknown,307,0,62,23
the-way-to-go_ZH_CN,unknwon,35017,2013-03-24T17:18:38Z,2024-08-14T07:04:25Z,Go,592,0,0,0
polars,pola-rs,35004,2020-05-13T19:45:33Z,2025-08-22T19:07:09Z,Rust,11481,226,11300,8723
glide,bumptech,34941,2013-07-08T22:52:33Z,2025-08-22T23:59:52Z,Java,571,47,4482,3920
NewPipe,TeamNewPipe,34831,2015-09-03T23:39:26Z,2025-08-17T22:14:33Z,Java,1661,137,9632,8408
Coursera-ML-AndrewNg-Notes,fengdu78,34815,2017-11-04T10:04:08Z,2024-06-10T00:47:49Z,HTML,13,0,68,15
leetcode,doocs,34796,2018-09-16T14:03:03Z,2025-08-23T00:14:26Z,Java,4095,21,56,56
AgentGPT,reworkd,34788,2023-04-07T02:29:19Z,2025-04-29T01:19:32Z,TypeScript,539,12,467,337
ai-agents-for-beginners,microsoft,34785,2024-11-28T10:42:52Z,2025-08-21T15:32:25Z,Jupyter Notebook,149,0,67,58
LocalAI,mudler,34779,2023-03-18T22:58:02Z,2025-08-22T21:36:24Z,Go,3921,83,1083,713
cursor-free-vip,yeongpin,34727,2025-01-11T08:14:22Z,2025-06-18T02:18:31Z,Python,74,69,1028,473
outline,outline,34680,2016-05-22T21:31:47Z,2025-08-21T11:56:02Z,TypeScript,3339,147,3495,3401
ghostty,ghostty-org,34600,2022-03-29T17:38:26Z,2025-08-22T22:38:25Z,Zig,2616,1,1781,1637
bubbletea,charmbracelet,34583,2020-01-10T21:04:03Z,2025-08-19T19:13:52Z,Go,628,62,368,295
awesome-javascript,sorrycc,34506,2014-07-01T15:59:02Z,2025-08-04T20:42:39Z,Unknown,393,0,93,88
caffe,BVLC,34497,2013-09-12T18:39:48Z,2024-07-31T23:10:28Z,C++,1087,14,4801,3902
TaskMatrix,chenfei-wu,34414,2023-03-02T09:04:28Z,2024-01-06T02:41:20Z,Python,21,0,357,136
fastify,fastify,34402,2016-09-28T19:10:14Z,2025-08-22T14:28:46Z,JavaScript,3135,298,2091,2014
node-v0.x-archive,nodejs,34381,2009-05-27T16:29:46Z,2024-08-15T20:32:32Z,Unknown,218,0,6379,6379
netty,netty,34349,2010-11-09T09:22:21Z,2025-08-21T11:56:06Z,Java,4432,0,6714,6102
jieba,fxsjy,34341,2012-09-29T07:52:01Z,2024-08-21T09:23:45Z,Python,96,9,866,229
supervision,roboflow,34320,2022-11-28T14:08:44Z,2025-08-18T17:34:15Z,Python,967,33,489,415
formik,jaredpalmer,34284,2017-06-14T19:50:59Z,2024-10-18T03:18:36Z,TypeScript,829,196,2260,1558
RevokeMsgPatcher,huiyadanli,34254,2019-07-21T15:12:52Z,2025-08-15T14:56:42Z,C#,11,21,893,834
gold-miner,xitu,34244,2015-11-04T03:29:13Z,2024-04-17T09:44:37Z,Unknown,3563,0,5601,5592
LLM101n,karpathy,34238,2024-05-27T00:23:38Z,2024-08-01T01:20:33Z,Unknown,0,0,0,0
HowToLiveLonger,geekan,34207,2022-04-16T04:15:18Z,2025-05-19T14:10:41Z,Unknown,14,0,138,103
manim,ManimCommunity,34170,2020-05-19T02:37:13Z,2025-08-21T20:59:47Z,Python,1926,29,1681,1307
clipboard.js,zenorocha,34159,2015-09-18T23:04:55Z,2025-08-06T18:47:39Z,JavaScript,117,42,629,618
portainer,portainer,34146,2016-05-19T20:15:28Z,2025-08-22T13:13:33Z,TypeScript,4777,162,5897,5281
OpenVoice,myshell-ai,34124,2023-11-29T12:17:01Z,2025-04-19T16:00:00Z,Python,17,0,316,67
llvm-project,llvm,34102,2016-12-07T09:39:33Z,2025-08-23T00:14:22Z,LLVM,55788,136,86529,60209
solid,solidjs,34096,2018-04-24T16:36:27Z,2025-08-13T17:14:50Z,TypeScript,385,35,1096,996
12306,testerSunshine,34049,2017-05-17T12:23:40Z,2023-04-02T03:19:43Z,Python,31,1,691,466
linux-command,jaywcjlove,34036,2016-11-12T15:44:26Z,2025-08-21T05:47:21Z,Markdown,356,31,207,133
react-beautiful-dnd,atlassian,34030,2017-08-09T03:37:15Z,2025-08-18T04:35:31Z,JavaScript,530,68,1617,1045
husky,typicode,34016,2014-06-23T12:14:21Z,2024-11-26T00:20:16Z,JavaScript,262,80,1088,1016
framework,laravel,33990,2013-01-10T21:27:28Z,2025-08-22T14:22:43Z,PHP,16634,855,18871,18828
poetry,python-poetry,33870,2018-02-28T15:23:47Z,2025-08-19T17:54:40Z,Python,2331,142,6232,5713
spring-boot-demo,xkcoding,33849,2017-11-10T06:27:29Z,2024-07-24T02:02:52Z,Java,15,0,173,73
anoma,anoma,33805,2021-02-02T10:00:16Z,2025-08-14T14:27:56Z,Elixir,856,10,699,578
Python,geekcomputers,33777,2011-11-30T09:04:08Z,2025-08-22T18:33:39Z,Python,1852,0,486,149
zsh-autosuggestions,zsh-users,33662,2013-10-26T16:09:37Z,2025-06-24T16:15:03Z,Shell,116,0,612,458
shadowsocks,shadowsocks,33648,2012-04-20T13:10:49Z,2024-04-01T09:07:32Z,Python,70,2,0,0
LeetCode-Go,halfrost,33642,2017-07-18T00:06:14Z,2024-12-11T05:55:51Z,Go,178,4,80,64
AndroidUtilCode,Blankj,33620,2016-07-30T18:18:32Z,2024-08-15T10:38:10Z,Java,88,117,1589,1280
easyexcel,alibaba,33587,2018-02-06T03:14:08Z,2024-10-29T06:07:07Z,Java,190,14,3619,3131
AFNetworking,AFNetworking,33535,2011-05-31T21:28:44Z,2023-01-17T19:30:05Z,Objective-C,710,40,0,0
zxing,zxing,33533,2011-10-12T14:07:27Z,2025-08-18T08:46:16Z,Java,318,31,1324,1314
JavaScript,TheAlgorithms,33530,2017-07-13T06:12:33Z,2025-01-22T07:00:31Z,JavaScript,795,0,209,200
awesome-deepseek-integration,deepseek-ai,33472,2024-01-11T02:43:17Z,2025-05-13T09:05:21Z,Unknown,230,0,127,39
ShareX,ShareX,33442,2013-10-08T23:32:10Z,2025-08-22T19:43:30Z,C#,751,83,6884,6370
aseprite,aseprite,33439,2014-08-19T23:44:50Z,2025-08-21T18:33:34Z,C++,406,117,4289,2498
mattermost,mattermost,33437,2015-06-15T06:50:02Z,2025-08-22T19:17:23Z,TypeScript,19268,847,9047,8380
awesome-docker,veggiemonk,33415,2014-09-21T17:01:48Z,2025-08-06T16:26:29Z,Unknown,939,1,130,127
How-To-Ask-Questions-The-Smart-Way,ryanhanwu,33346,2015-03-28T16:52:40Z,2025-01-01T19:14:38Z,JavaScript,98,0,29,20
nps,ehang-io,33313,2018-11-04T13:22:51Z,2024-05-30T03:51:08Z,Go,74,59,1200,697
gpt-pilot,Pythagora-io,33312,2023-08-16T11:56:07Z,2025-03-04T06:26:32Z,Python,393,0,550,314
XX-Net,XX-net,33304,2015-01-15T09:35:51Z,2025-04-08T22:17:05Z,Python,363,388,13335,5418
stats,exelban,33267,2019-05-29T19:24:56Z,2025-08-22T19:15:28Z,Swift,409,301,2181,2153
jax,jax-ml,33244,2018-10-25T21:25:02Z,2025-08-23T00:04:40Z,Python,15106,126,6475,4880
carbon-lang,carbon-language,33164,2020-04-27T21:45:16Z,2025-08-22T05:58:50Z,C++,4357,411,714,561
brackets,adobe,33158,2011-12-07T21:14:40Z,2022-06-12T08:19:24Z,JavaScript,4332,69,9680,7063
Fabric,danielmiessler,33146,2024-01-03T23:18:31Z,2025-08-20T16:37:52Z,JavaScript,435,248,744,637
harness,harness,33117,2014-02-07T07:54:44Z,2025-08-22T12:17:07Z,Go,1047,53,2007,1933
gulp,gulpjs,33062,2013-07-04T05:26:06Z,2025-06-01T21:52:54Z,JavaScript,411,24,1937,1908
immutable-js,immutable-js,33057,2014-07-02T06:02:29Z,2025-08-20T14:22:48Z,TypeScript,598,89,1262,1169
lossless-cut,mifi,33027,2016-10-30T10:49:56Z,2025-08-18T23:00:34Z,TypeScript,202,100,1634,1426
selenium,SeleniumHQ,33008,2013-01-14T21:40:56Z,2025-08-22T21:22:08Z,Java,3025,108,10935,10785
ijkplayer,bilibili,32995,2013-06-03T04:12:04Z,2024-08-13T00:53:33Z,C,35,0,5375,2548
vault,hashicorp,32986,2015-02-25T00:15:59Z,2025-08-22T23:18:33Z,Go,21302,168,6385,5244
AnotherRedisDesktopManager,qishibo,32976,2019-01-08T06:01:56Z,2025-06-18T14:50:05Z,JavaScript,152,53,1066,927
openpose,CMU-Perceptual-Computing-Lab,32938,2017-04-24T14:06:31Z,2024-08-03T01:59:11Z,C++,174,15,2004,1667
ControlNet,lllyasviel,32933,2023-02-01T02:43:30Z,2024-02-25T09:49:39Z,Python,4,0,569,138
ruoyi-vue-pro,YunaiV,32902,2021-01-24T03:18:25Z,2025-08-20T13:38:57Z,Java,62,44,648,645
awesome-cursorrules,PatrickJS,32886,2024-09-16T15:38:38Z,2025-08-17T18:54:26Z,MDX,64,0,42,8
ShadowsocksX-NG,shadowsocks,32821,2016-06-10T11:49:00Z,2024-10-29T12:19:30Z,Swift,64,30,1358,1050
awesome-awesomeness,bayandin,32809,2014-07-08T05:44:19Z,2024-06-02T22:46:41Z,Ruby,197,0,68,52
libpku,lib-pku,32708,2018-11-22T13:33:06Z,2022-01-05T04:09:27Z,TeX,22,0,43,32
C-Plus-Plus,TheAlgorithms,32667,2016-07-16T10:19:45Z,2025-08-22T15:04:49Z,C++,686,0,321,311
Reactive-Resume,AmruthPillai,32663,2020-03-25T14:08:22Z,2025-08-23T00:10:51Z,TypeScript,633,95,1568,1248
qBittorrent,qbittorrent,32631,2012-02-04T09:37:46Z,2025-08-22T19:21:29Z,C++,3932,0,16849,14549
swc,swc-project,32628,2017-12-22T11:40:14Z,2025-08-21T11:43:37Z,Rust,5595,714,3974,3574
detectron2,facebookresearch,32621,2019-09-05T21:30:20Z,2025-08-13T17:43:25Z,Python,0,10,3556,3091
bulletproof-react,alan2207,32522,2021-05-30T14:47:16Z,2025-04-16T06:04:21Z,TypeScript,70,0,115,77
data-engineering-zoomcamp,DataTalksClub,32446,2021-10-21T09:32:50Z,2025-07-17T09:55:25Z,Jupyter Notebook,395,0,136,134
pnpm,pnpm,32446,2016-01-28T07:40:43Z,2025-08-22T23:41:46Z,TypeScript,2676,1000,4896,3016
jq,jqlang,32441,2012-07-18T19:57:25Z,2025-08-18T09:06:57Z,C,640,15,2283,1920
certbot,certbot,32405,2014-11-12T02:52:20Z,2025-08-22T18:42:32Z,Python,4005,62,5465,5340
rufus,pbatard,32361,2011-11-19T19:12:05Z,2025-07-29T17:00:05Z,C,1,84,2511,2503
drawdb,drawdb-io,32337,2023-07-16T17:09:20Z,2025-08-19T17:03:27Z,JavaScript,232,0,240,157
modern-unix,ibraheemdev,32314,2021-01-12T00:50:14Z,2024-09-10T19:48:56Z,Unknown,15,0,83,30
refine,refinedev,32297,2021-01-20T12:01:32Z,2025-08-22T13:41:01Z,TypeScript,4426,1000,1654,1622
learnGitBranching,pcottle,32271,2012-08-13T22:36:09Z,2025-08-21T22:01:34Z,JavaScript,606,0,516,467
material-design-lite,google,32266,2015-01-14T22:01:33Z,2025-03-11T00:13:36Z,HTML,655,14,2195,1813
CyberChef,gchq,32253,2016-11-28T10:34:07Z,2025-08-06T08:54:32Z,JavaScript,510,447,1058,626
Real-ESRGAN,xinntao,32235,2021-07-19T03:23:30Z,2024-08-06T13:15:18Z,Python,21,10,727,171
serenity,SerenityOS,32230,2018-12-02T19:28:41Z,2025-08-20T23:28:54Z,C++,19525,0,4248,3522
duckdb,duckdb,32226,2018-06-26T15:04:45Z,2025-08-22T17:53:50Z,C++,8213,51,6123,5661
spaCy,explosion,32221,2014-07-03T15:15:40Z,2025-05-28T15:28:05Z,Python,3590,129,5718,5550
it-tools,CorentinTh,32215,2020-04-05T11:50:24Z,2025-08-19T13:41:18Z,Vue,491,10,618,199
beego,beego,32214,2012-02-29T02:32:08Z,2025-08-21T13:09:19Z,Go,1325,42,3374,3366
agno,agno-agi,32170,2022-05-04T15:23:02Z,2025-08-22T20:10:02Z,Python,1752,86,1268,1143
directus,directus,32150,2012-12-12T01:35:36Z,2025-08-22T21:20:58Z,TypeScript,8089,342,9360,9060
my-tv,lizongying,32148,2023-12-04T12:18:39Z,2024-06-20T06:21:11Z,C,11,72,919,774
tiptap,ueberdosis,32147,2018-08-20T19:58:58Z,2025-08-22T16:09:43Z,TypeScript,1253,898,3238,2535
chatbot-ui,mckaywrigley,32139,2023-03-11T14:53:14Z,2024-08-03T00:38:07Z,TypeScript,280,0,993,817
run,The-Run-Philosophy-Organization,32097,2022-04-10T05:42:40Z,2024-07-31T03:44:51Z,Unknown,171,0,256,214
tabby,TabbyML,31996,2023-03-16T09:18:01Z,2025-08-19T20:03:43Z,Rust,2969,241,937,733
etcher,balena-io,31964,2015-10-27T16:53:23Z,2025-07-29T12:17:38Z,TypeScript,1731,289,2381,1823
nacos,alibaba,31961,2018-06-15T06:49:27Z,2025-08-21T15:24:26Z,Java,3156,84,9152,8903
cherry-studio,CherryHQ,31952,2024-05-24T01:56:26Z,2025-08-22T18:51:21Z,TypeScript,1941,192,6335,5798
chatgpt-web,Chanzhaoyu,31939,2023-02-09T03:21:37Z,2024-08-16T15:26:57Z,Vue,159,43,1747,1747
pathway,pathwaycom,31891,2022-11-27T13:01:14Z,2025-08-22T12:39:07Z,Python,5,75,97,53
yew,yewstack,31884,2017-12-16T14:19:02Z,2025-08-22T03:55:20Z,Rust,1802,35,1256,1143
swr,vercel,31849,2019-10-28T18:16:01Z,2025-08-11T15:20:44Z,TypeScript,795,123,959,817
GPT_API_free,chatanywhere,31835,2023-04-23T12:42:08Z,2025-08-08T11:10:19Z,Python,1,0,377,353
awesome-php,ziadoz,31831,2013-11-26T03:14:19Z,2025-05-12T08:36:08Z,Unknown,453,0,153,152
v2ray-core,v2fly,31795,2019-04-15T10:05:54Z,2025-08-20T22:23:00Z,Go,909,111,1040,1002
android-open-project,Trinea,31791,2014-01-05T15:20:15Z,2025-08-02T15:31:51Z,Unknown,204,0,86,75
WxJava,binarywang,31785,2016-01-06T08:24:05Z,2025-08-08T10:25:32Z,Java,1053,30,2371,2307
shardeum,shardeum,31767,2024-04-16T22:37:25Z,2025-08-21T20:25:16Z,TypeScript,325,0,38,33
mpv,mpv-player,31761,2012-10-13T08:08:44Z,2025-08-22T06:38:02Z,C,3501,87,10547,9644
vnpy,vnpy,31750,2015-03-02T03:36:58Z,2025-07-31T04:51:57Z,Python,1055,64,2128,2110
fairseq,facebookresearch,31738,2017-08-29T16:26:12Z,2025-06-10T21:41:39Z,Python,234,16,4247,3056
graphql-engine,hasura,31665,2018-06-18T07:57:36Z,2025-08-21T08:39:11Z,TypeScript,2110,294,6380,4145
go-zero,zeromicro,31660,2020-08-07T15:37:57Z,2025-08-22T15:34:21Z,Go,2321,140,1866,1642
pytorch-tutorial,yunjey,31641,2017-03-10T07:41:47Z,2023-08-15T10:17:50Z,Python,28,0,180,114
Retrieval-based-Voice-Conversion-WebUI,RVC-Project,31616,2023-03-27T09:59:10Z,2024-11-24T15:09:44Z,Python,475,7,1920,1299
Hello-Python,mouredev,31614,2022-08-03T17:14:53Z,2025-08-11T12:00:01Z,Python,0,0,293,275
mmdetection,open-mmlab,31596,2018-08-22T07:06:06Z,2024-08-21T02:01:07Z,Python,2359,53,8497,6746
floating-ui,floating-ui,31578,2016-03-29T17:00:47Z,2025-08-21T06:33:46Z,TypeScript,1190,497,1456,1429
Folo,RSSNext,31543,2024-04-08T03:23:35Z,2025-08-22T17:06:20Z,TypeScript,1255,70,2245,2046
YesPlayMusic,qier222,31540,2020-10-09T10:04:21Z,2025-06-30T07:30:10Z,Vue,288,31,1799,1191
remix,remix-run,31537,2020-10-26T19:57:28Z,2025-08-22T02:52:42Z,TypeScript,3441,175,2606,2602
html2canvas,niklasvh,31483,2011-07-16T01:05:58Z,2024-07-18T07:26:56Z,TypeScript,186,45,2621,1660
awesome-cto,kuchin,31477,2016-12-16T19:22:18Z,2025-08-03T09:52:36Z,Unknown,18,0,11,11
vimrc,amix,31442,2012-05-29T16:19:29Z,2024-10-06T08:26:02Z,Vim Script,107,0,522,510
echo,labstack,31435,2015-03-01T17:43:01Z,2025-08-12T08:57:52Z,Go,592,109,1465,1392
rxjs,ReactiveX,31425,2015-03-15T06:17:10Z,2025-02-23T20:54:32Z,TypeScript,2588,2,3160,2940
lottie-web,airbnb,31365,2015-02-20T21:02:59Z,2025-07-07T09:33:03Z,JavaScript,136,0,2894,2125
CasaOS,IceWhaleTech,31352,2021-09-26T02:33:09Z,2025-08-06T08:54:04Z,Go,274,97,1557,880
MS-DOS,microsoft,31352,2018-06-25T18:26:02Z,2024-04-25T22:32:47Z,Assembly,37,0,0,0
servo,servo,31329,2012-02-08T19:07:25Z,2025-08-23T00:07:49Z,HTML,20532,0,14013,11016
netron,lutzroeder,31240,2010-12-26T12:53:43Z,2025-08-22T08:08:20Z,JavaScript,1,3,1222,1201
xyflow,xyflow,31221,2019-07-15T14:47:30Z,2025-08-20T14:56:12Z,TypeScript,1402,350,2270,2187
cockroach,cockroachdb,31204,2014-02-06T00:18:47Z,2025-08-23T00:09:56Z,Go,67705,0,75721,69309
backstage,backstage,31177,2020-01-24T22:39:49Z,2025-08-22T23:00:41Z,TypeScript,18965,443,7059,6695
cursor,cursor,31128,2023-03-12T00:19:42Z,2024-10-13T19:23:26Z,Unknown,46,0,3241,1213
OpenCut,OpenCut-app,31121,2025-06-22T08:02:17Z,2025-08-22T19:08:59Z,TypeScript,179,0,185,71
paper-reading,mli,31110,2021-10-22T06:34:51Z,2025-03-22T03:49:35Z,Unknown,15,0,0,0
mediapipe,google-ai-edge,31065,2019-06-13T19:16:41Z,2025-08-22T21:43:20Z,C++,201,63,5472,5029
slate,ianstormtaylor,31053,2016-06-18T01:52:42Z,2025-08-21T15:43:01Z,TypeScript,1938,203,3197,2528
Blog,mqyqingfeng,31046,2017-03-13T10:04:33Z,2025-03-12T12:27:25Z,Unknown,3,0,361,100
dokku,dokku,31041,2013-06-08T10:26:57Z,2025-08-22T13:58:51Z,Shell,4166,302,2799,2754
sharp,lovell,31016,2013-08-19T20:24:24Z,2025-08-22T19:02:21Z,JavaScript,302,99,3981,3865
claude-code,anthropics,30994,2025-02-22T17:41:21Z,2025-08-22T22:23:09Z,TypeScript,59,0,6208,3541
linux-insides,0xAX,30990,2015-01-03T18:44:57Z,2025-08-09T20:57:17Z,Python,579,0,189,153
dotfiles,mathiasbynens,30956,2011-09-05T18:07:54Z,2024-08-05T19:06:13Z,Shell,44,0,392,254
lede,coolsnowwolf,30923,2017-09-06T07:39:03Z,2025-08-22T10:29:37Z,C,2020,6,9150,8384
MonitorControl,MonitorControl,30921,2017-09-16T21:13:40Z,2025-07-25T21:43:11Z,Swift,216,26,983,968
OCRmyPDF,ocrmypdf,30905,2013-12-20T08:26:28Z,2025-08-18T20:43:41Z,Python,153,41,1269,1137
filebrowser,filebrowser,30899,2015-09-11T21:21:58Z,2025-08-22T07:02:05Z,Go,608,97,2748,2726
jQuery-File-Upload,blueimp,30891,2010-12-01T15:35:32Z,2023-05-25T09:11:07Z,PHP,119,0,3307,3258
croc,schollz,30887,2017-10-17T15:20:18Z,2025-08-12T17:16:51Z,Go,236,175,540,530
1Panel,1Panel-dev,30863,2022-07-19T15:44:52Z,2025-08-22T14:37:53Z,Go,3823,96,5397,4777
ink,vadimdemedes,30860,2017-06-12T06:12:28Z,2025-08-21T19:52:01Z,TypeScript,235,63,375,302
minikube,kubernetes,30846,2016-04-15T22:38:35Z,2025-08-22T21:27:03Z,Go,8791,151,10118,9608
paperless-ngx,paperless-ngx,30814,2022-02-12T21:56:52Z,2025-08-23T00:10:10Z,Python,2567,123,2106,2106
k9s,derailed,30808,2019-01-25T18:46:02Z,2025-08-21T14:58:52Z,Go,838,248,2139,1730
khoj,khoj-ai,30777,2021-08-16T01:48:44Z,2025-08-21T03:23:29Z,Python,475,158,552,476
Xray-core,XTLS,30774,2020-11-09T11:23:10Z,2025-08-23T00:07:34Z,Go,1015,90,2554,2543
kafka,apache,30727,2011-08-15T18:06:16Z,2025-08-22T22:47:43Z,Java,11811,0,0,0
p3c,alibaba,30725,2017-06-23T06:15:51Z,2024-08-06T08:22:02Z,Kotlin,62,0,858,697
editor.js,codex-team,30717,2015-11-28T20:56:35Z,2025-04-30T16:52:33Z,TypeScript,863,102,1520,921
fish-shell,fish-shell,30712,2012-05-10T03:00:55Z,2025-08-22T07:24:48Z,Rust,2146,48,7665,7186
awesome-sysadmin,awesome-foss,30689,2014-12-23T08:41:22Z,2025-07-27T09:54:59Z,Unknown,329,0,102,88
interactive-coding-challenges,donnemartin,30688,2015-04-28T21:36:39Z,2024-05-08T23:07:36Z,Python,176,0,69,32
Sortable,SortableJS,30672,2013-12-19T10:10:13Z,2025-05-29T19:31:47Z,JavaScript,248,30,1817,1344
headscale,juanfont,30650,2020-06-21T09:21:05Z,2025-08-22T10:10:05Z,Go,1055,124,1093,1000
textual,Textualize,30610,2021-04-08T15:24:47Z,2025-08-21T09:42:57Z,Python,2177,185,2260,2075
comprehensive-rust,google,30598,2022-12-21T15:17:24Z,2025-08-22T21:03:09Z,Rust,2174,0,345,235
spring-boot-examples,ityouknow,30577,2016-11-05T05:32:33Z,2023-11-18T16:32:16Z,Java,7,0,109,99
k3s,k3s-io,30570,2018-05-31T01:37:46Z,2025-08-22T17:23:30Z,Go,4069,885,6945,6832
calculator,microsoft,30553,2019-01-28T17:55:49Z,2025-08-20T09:41:17Z,C++,899,0,1113,717
UTM,utmapp,30537,2019-04-12T16:09:24Z,2025-08-19T21:25:23Z,Swift,266,122,3423,2538
server,nextcloud,30537,2016-06-02T07:44:14Z,2025-08-23T00:12:35Z,PHP,28174,350,20211,17945
influxdb,influxdata,30517,2013-09-26T14:31:10Z,2025-08-22T22:54:58Z,Rust,10607,93,14018,11958
symfony,symfony,30504,2010-01-04T14:21:21Z,2025-08-22T20:39:20Z,PHP,24299,555,21234,20683
jsPDF,parallax,30497,2009-12-06T14:56:32Z,2025-08-21T11:45:29Z,JavaScript,718,35,2559,2445
diffusers,huggingface,30446,2022-05-30T16:04:02Z,2025-08-22T23:18:32Z,Python,5003,86,4977,4413
Data-Science-For-Beginners,microsoft,30414,2021-03-03T16:30:15Z,2025-08-07T12:15:51Z,Jupyter Notebook,308,0,119,95
CLIP,openai,30403,2020-12-16T11:24:42Z,2024-07-23T01:30:44Z,Jupyter Notebook,28,0,435,193
Trilium,TriliumNext,30386,2017-05-23T00:30:20Z,2025-08-23T00:11:02Z,TypeScript,625,334,4578,3493
gkd,gkd-kit,30385,2023-07-04T03:59:15Z,2025-08-19T03:10:18Z,Kotlin,6,53,661,648
weekly,ascoders,30374,2017-03-20T06:10:04Z,2024-09-09T01:39:37Z,JavaScript,136,193,366,363
webtorrent,webtorrent,30364,2013-10-15T08:16:40Z,2025-08-19T14:35:07Z,JavaScript,963,228,1663,1598
medusa,medusajs,30350,2020-01-18T13:39:04Z,2025-08-22T20:58:08Z,TypeScript,7470,128,3268,3170
rocksdb,facebook,30348,2012-11-30T06:16:18Z,2025-08-21T23:49:16Z,C++,609,206,3407,2636
fabric.js,fabricjs,30337,2010-06-09T22:24:38Z,2025-08-03T14:24:30Z,TypeScript,2343,174,6184,5761
exo,exo-explore,30332,2024-06-24T18:36:22Z,2025-03-21T22:23:32Z,Python,207,12,508,146
lux,iawia002,30326,2018-02-24T11:29:03Z,2025-07-02T05:55:20Z,Go,300,86,1059,540
layui,layui,30326,2015-09-22T08:12:03Z,2025-07-31T07:28:42Z,JavaScript,590,158,1365,1299
NeteaseCloudMusicApi,Binaryify,30319,2016-06-22T11:58:03Z,2024-02-28T02:47:42Z,Unknown,292,0,1337,1190
umami,umami-software,30315,2020-07-17T07:59:00Z,2025-08-21T10:16:04Z,TypeScript,799,99,1838,1763
tqdm,tqdm,30299,2015-06-03T13:13:14Z,2025-05-22T12:10:29Z,Python,287,131,1026,587
docsify,docsifyjs,30275,2016-11-20T07:55:43Z,2025-08-21T08:12:56Z,JavaScript,731,15,1287,1199
GPTs,linexjlin,30270,2023-11-11T03:24:16Z,2024-09-27T03:31:47Z,Unknown,42,0,28,21
alpine,alpinejs,30238,2019-11-28T13:51:55Z,2025-08-06T18:42:43Z,HTML,657,137,612,612
HEAD,joshbuchea,30220,2016-04-20T20:05:37Z,2024-06-21T17:54:29Z,Unknown,86,0,93,73
numpy,numpy,30208,2010-09-13T23:02:39Z,2025-08-22T18:12:54Z,Python,13099,132,13495,11396
AI-Expert-Roadmap,AMAI-GmbH,30201,2020-10-24T21:49:40Z,2023-12-31T02:20:16Z,JavaScript,13,0,66,46
dioxus,DioxusLabs,30165,2021-01-15T01:57:26Z,2025-08-22T09:40:32Z,Rust,1769,25,2062,1635
roop,s0md3v,30148,2023-05-28T14:37:54Z,2024-08-19T12:57:17Z,Python,80,6,0,0
CheatSheetSeries,OWASP,30135,2018-12-21T14:26:43Z,2025-08-12T13:17:16Z,Python,1076,0,529,487
sequelize,sequelize,30131,2010-07-22T07:11:11Z,2025-08-19T14:45:50Z,TypeScript,4961,487,10402,9511
stanford_alpaca,tatsu-lab,30127,2023-03-10T23:33:09Z,2024-07-17T09:43:05Z,Python,5,0,268,98
OpenAPI-Specification,OAI,30099,2014-03-03T16:53:36Z,2025-08-21T16:20:22Z,Markdown,1584,12,2365,2225
sniffnet,GyulyVGC,30097,2022-07-31T21:55:56Z,2025-08-21T22:42:53Z,Rust,430,14,280,239
uppy,transloadit,30072,2015-11-16T12:32:33Z,2025-08-22T09:02:36Z,TypeScript,3108,241,2451,2292
pytorch-lightning,Lightning-AI,30012,2019-03-31T00:45:57Z,2025-08-22T10:03:19Z,Python,9086,167,7401,6489
hutool,chinabugotech,30011,2014-04-13T07:23:51Z,2025-08-22T04:13:25Z,Java,454,152,2987,2983
llm-app,pathwaycom,29927,2023-07-19T08:43:37Z,2025-07-30T12:13:39Z,Jupyter Notebook,47,0,17,12
tinygrad,tinygrad,29922,2020-10-18T16:23:12Z,2025-08-23T00:16:35Z,Python,7951,13,977,844
surrealdb,surrealdb,29901,2021-12-09T15:03:29Z,2025-08-22T22:06:27Z,Rust,2150,92,2159,1473
particles.js,VincentGarreau,29901,2014-09-06T14:29:47Z,2024-03-28T03:21:07Z,JavaScript,21,6,411,106
drizzle-orm,drizzle-team,29892,2021-06-24T09:03:05Z,2025-08-22T17:54:44Z,TypeScript,610,146,3129,1693
leakcanary,square,29785,2015-04-29T23:54:16Z,2025-08-05T05:43:50Z,Kotlin,921,43,1636,1510
AdGuardHome,AdguardTeam,29772,2016-07-06T10:31:47Z,2025-08-22T15:26:27Z,Go,124,214,5764,4631
foundation-sites,foundation,29765,2011-10-13T23:05:42Z,2025-01-21T22:11:53Z,HTML,2958,79,8236,8179
restic,restic,29752,2014-04-27T14:07:58Z,2025-08-07T11:28:17Z,Go,2184,48,2815,2392
DevToys,DevToys-app,29745,2021-09-29T01:40:41Z,2025-08-18T10:04:23Z,C#,497,38,933,658
awesome-macos-command-line,herrbischoff,29741,2015-09-22T19:37:55Z,2021-09-02T13:26:37Z,Unknown,104,0,0,0
awesome-python-cn,jobbole,29738,2015-11-03T09:50:50Z,2022-08-29T11:28:59Z,Makefile,51,0,31,18
vue-cli,vuejs,29712,2015-12-26T23:11:20Z,2025-08-21T10:56:30Z,JavaScript,1259,178,5498,4563
cheerio,cheeriojs,29703,2011-10-09T04:23:20Z,2025-08-20T05:22:27Z,TypeScript,2840,61,1220,1199
stb,nothings,29703,2014-05-25T16:51:23Z,2025-05-26T12:14:09Z,C,288,0,893,694
wails,wailsapp,29702,2018-12-15T23:14:06Z,2025-08-19T22:21:39Z,Go,1503,242,2132,1873
folly,facebook,29699,2012-06-01T20:49:04Z,2025-08-21T09:42:50Z,C++,13,254,1224,931
algo,trailofbits,29676,2016-05-15T03:42:48Z,2025-08-22T17:20:15Z,Python,576,3,1619,1543
Hyprland,hyprwm,29664,2022-03-16T19:49:13Z,2025-08-22T17:24:25Z,C++,1884,96,7272,7213
vue-vben-admin,vbenjs,29636,2020-07-11T02:29:21Z,2025-08-22T19:52:06Z,Vue,1638,60,3598,3470
Mr.-Ranedeer-AI-Tutor,JushBJJ,29628,2023-03-31T12:37:26Z,2025-06-14T06:58:48Z,Unknown,18,3,47,34
WSL,microsoft,29623,2016-04-06T17:32:56Z,2025-08-22T18:03:22Z,C++,139,94,11737,10719
apollo,apolloconfig,29610,2016-03-04T10:24:23Z,2025-08-09T01:57:05Z,Java,1449,41,3352,3212
glances,nicolargo,29606,2011-12-04T08:49:15Z,2025-08-17T16:34:38Z,Python,743,51,2060,1933
motion,motiondivision,29570,2018-11-16T09:48:38Z,2025-08-21T12:30:53Z,TypeScript,1061,0,1858,1570
project-guidelines,elsewhencode,29556,2017-06-30T10:17:55Z,2024-12-09T07:59:04Z,JavaScript,113,0,38,29
react-boilerplate,react-boilerplate,29538,2015-02-18T14:36:32Z,2023-03-23T21:35:09Z,JavaScript,715,16,1909,1823
500lines,aosabook,29516,2013-11-04T02:02:53Z,2023-08-19T11:18:34Z,JavaScript,175,0,70,41
phantomjs,ariya,29480,2010-12-27T08:18:58Z,2022-11-26T19:43:12Z,C++,562,0,4745,4731
mantine,mantinedev,29456,2021-01-07T14:02:19Z,2025-08-22T12:18:46Z,TypeScript,1494,272,3245,3224
react-three-fiber,pmndrs,29418,2019-02-25T14:31:51Z,2025-08-20T04:39:19Z,TypeScript,651,125,1122,1042
django-rest-framework,encode,29394,2011-03-02T17:13:56Z,2025-08-21T03:35:51Z,Python,3021,21,3945,3887
hey,heyverse,29382,2022-03-19T15:01:46Z,2025-08-20T11:50:23Z,TypeScript,3765,0,0,0
Hover,IanLunn,29376,2014-01-02T14:27:35Z,2023-10-28T16:07:33Z,SCSS,23,10,107,83
tokio,tokio-rs,29375,2016-09-09T22:31:36Z,2025-08-19T11:42:56Z,Rust,3596,138,2522,2188
LibreChat,danny-avila,29363,2023-02-12T01:06:52Z,2025-08-22T16:52:53Z,TypeScript,2137,58,3274,3117
css-protips,AllThingsSmitty,29349,2015-08-29T12:29:03Z,2025-03-20T14:10:02Z,Unknown,73,0,62,61
standard,standard,29340,2015-01-27T01:23:31Z,2025-07-11T08:28:23Z,JavaScript,411,7,1232,1122
canal,alibaba,29327,2013-01-13T10:59:52Z,2025-08-06T02:18:43Z,Java,473,32,4731,3571
lighthouse,GoogleChrome,29293,2016-03-08T01:03:11Z,2025-08-22T17:03:34Z,JavaScript,5467,125,9183,8692
consul,hashicorp,29242,2013-11-04T22:15:27Z,2025-08-22T19:46:55Z,Go,13733,217,5539,4270
handson-ml2,ageron,29218,2019-01-08T03:49:07Z,2024-06-13T08:10:24Z,Jupyter Notebook,64,0,517,300
xxl-job,xuxueli,29208,2015-11-28T12:59:34Z,2025-07-19T19:52:57Z,Java,113,38,3235,3008
es6features,lukehoban,29193,2014-03-03T18:29:30Z,2023-01-27T13:36:18Z,Unknown,41,0,57,36
keycloak,keycloak,29160,2013-07-02T13:38:51Z,2025-08-23T00:16:32Z,Java,17543,87,15266,13273
python-guide,realpython,29157,2011-03-15T03:24:20Z,2024-07-29T18:49:10Z,Batchfile,683,0,279,180
DeepFaceLive,iperov,29147,2020-12-15T12:19:22Z,2024-11-08T03:07:42Z,Python,13,35,144,143
Clone-Wars,GorvGoyl,29136,2020-12-02T11:10:16Z,2024-08-06T12:31:36Z,Unknown,130,0,82,70
firecracker,firecracker-microvm,29130,2017-10-19T06:18:47Z,2025-08-22T15:38:58Z,Rust,3191,78,1453,1405
viper,spf13,29114,2014-04-02T14:33:33Z,2025-08-21T15:04:38Z,Go,507,34,902,490
TrackersListCollection,XIU2,29098,2019-10-03T15:55:07Z,2025-08-23T00:10:00Z,Unknown,7,0,0,0
swift-algorithm-club,kodecocodes,29093,2016-01-26T17:56:12Z,2024-12-06T07:03:07Z,Swift,610,0,215,183
tuning_playbook,google-research,29092,2023-01-18T23:32:32Z,2024-06-18T00:25:53Z,Unknown,14,0,45,34
composer,composer,29081,2011-06-08T08:53:00Z,2025-08-22T07:49:45Z,PHP,2959,215,7875,7759
plyr,sampotts,29079,2015-02-14T11:33:07Z,2024-06-29T18:16:28Z,JavaScript,384,88,2103,1221
COVID-19,CSSEGISandData,29047,2020-02-04T22:03:53Z,2023-06-10T18:39:00Z,Unknown,2152,0,3759,2079
zoxide,ajeetdsouza,29047,2020-03-05T13:11:40Z,2025-08-22T20:57:21Z,Rust,227,36,682,580
refined-github,refined-github,29019,2016-02-15T16:45:02Z,2025-08-22T09:51:40Z,TypeScript,3428,173,4513,4373
SpringAll,wuyouzhuguli,28930,2018-05-02T02:48:44Z,2024-05-31T14:56:35Z,Java,1,0,48,27
llama3,meta-llama,28930,2024-03-15T17:57:00Z,2025-01-26T21:39:06Z,Python,23,0,293,119
react-spring,pmndrs,28857,2018-03-07T15:39:32Z,2025-08-22T23:49:12Z,TypeScript,437,52,1259,1143
postcss,postcss,28857,2013-09-24T23:06:48Z,2025-08-20T10:02:29Z,TypeScript,760,268,1025,998
Complete-Python-3-Bootcamp,Pierian-Data,28839,2018-02-12T19:30:10Z,2025-06-24T04:54:16Z,Jupyter Notebook,12,0,369,225
todomvc,tastejs,28819,2011-06-03T19:56:33Z,2025-06-23T17:35:04Z,JavaScript,760,6,784,661
dragonfly,dragonflydb,28747,2021-12-11T10:00:42Z,2025-08-22T16:15:15Z,C++,3318,108,1856,1587
hosts,StevenBlack,28723,2012-04-12T20:22:50Z,2025-08-19T14:18:14Z,Python,486,780,2112,1999
spring-cloud-alibaba,alibaba,28700,2017-12-01T20:49:15Z,2025-08-20T15:21:02Z,Java,1077,48,2500,2303
qlib,microsoft,28688,2020-08-14T06:46:00Z,2025-08-19T09:46:10Z,Python,725,23,981,724
JavaScript30,wesbos,28676,2016-12-07T19:15:31Z,2025-01-07T12:29:05Z,HTML,153,0,0,0
os-tutorial,cfenollosa,28672,2014-09-29T08:39:34Z,2024-07-25T10:57:29Z,C,11,0,180,105
kitty,kovidgoyal,28643,2016-10-16T14:48:28Z,2025-08-22T21:23:16Z,Python,1131,128,6275,6265
linkedin-skill-assessments-quizzes,Ebazhanov,28637,2019-07-13T19:52:56Z,2025-05-22T16:17:12Z,Unknown,5638,1,891,807
xstate,statelyai,28633,2015-09-14T15:04:15Z,2025-08-22T00:15:11Z,TypeScript,1977,443,1396,1288
slick,kenwheeler,28623,2014-03-24T02:10:05Z,2025-07-26T22:05:56Z,JavaScript,258,48,3620,2421
Jobs_Applier_AI_Agent_AIHawk,feder-cr,28593,2024-08-04T12:15:06Z,2025-05-28T13:24:12Z,Python,185,0,674,663
machine-learning-for-software-engineers,ZuzooVn,28573,2016-10-09T21:20:25Z,2024-06-11T04:49:29Z,Unknown,60,0,26,9
k6,grafana,28570,2016-03-21T15:30:24Z,2025-08-22T15:57:15Z,Go,2165,77,2393,1676
posthog,PostHog,28555,2020-01-23T22:46:58Z,2025-08-23T00:03:45Z,Python,25114,19,7709,5563
immer,immerjs,28551,2017-12-29T12:25:47Z,2024-09-19T07:46:06Z,JavaScript,374,109,668,633
continue,continuedev,28525,2023-05-24T03:39:39Z,2025-08-23T00:13:52Z,TypeScript,2866,403,3667,2930
Avalonia,AvaloniaUI,28502,2013-12-05T20:13:21Z,2025-08-22T14:47:42Z,C#,5318,110,7871,6158
ExplorerPatcher,valinet,28494,2021-08-09T14:17:24Z,2025-07-28T17:07:07Z,C,18,288,2468,2196
turborepo,vercel,28476,2021-10-05T17:37:11Z,2025-08-22T03:35:24Z,Rust,6233,496,1937,1811
data-science-ipython-notebooks,donnemartin,28476,2015-01-23T19:38:29Z,2024-03-20T13:52:34Z,Python,31,0,41,22
rust-course,sunface,28467,2018-08-07T05:01:21Z,2025-07-08T03:48:57Z,Rust,783,0,209,149
programmer-job-blacklist,shengxinjing,28457,2016-06-25T06:09:10Z,2024-06-09T14:56:42Z,Shell,28,0,338,181
jumpserver,jumpserver,28444,2014-07-04T03:54:59Z,2025-08-22T10:57:20Z,Python,7550,250,7323,7291
openai-python,openai,28439,2020-10-25T23:23:54Z,2025-08-21T21:10:49Z,Python,995,320,1080,988
vuex,vuejs,28436,2015-07-16T04:21:26Z,2024-09-25T13:26:41Z,JavaScript,656,51,1264,1165
podman,containers,28410,2017-11-01T15:01:27Z,2025-08-22T06:31:50Z,Go,11712,228,10033,9249
android_guides,codepath,28380,2013-06-19T10:24:45Z,2024-12-31T19:40:50Z,Unknown,9,0,381,219
helm,helm,28378,2015-10-06T01:07:32Z,2025-08-22T21:48:57Z,Go,4113,216,8145,7679
openssl,openssl,28376,2013-01-15T22:34:48Z,2025-08-22T19:13:12Z,C,145,283,10757,9329
the-super-tiny-compiler,jamiebuilds,28330,2016-03-11T04:19:18Z,2024-02-19T12:33:21Z,JavaScript,20,0,0,0
tdesktop,telegramdesktop,28324,2014-05-02T12:36:31Z,2025-08-22T17:34:00Z,C++,1747,799,15247,14368
reverse-interview,viraptor,28306,2019-09-08T13:38:40Z,2025-02-19T22:41:18Z,Unknown,75,0,25,18
90DaysOfDevOps,MichaelCade,28297,2021-12-26T13:55:18Z,2025-06-04T02:09:07Z,Shell,358,2,89,80
vscodium,VSCodium,28295,2018-08-13T14:26:58Z,2025-08-21T18:24:56Z,Shell,549,240,1512,1390
Sunshine,LizardByte,28267,2021-12-15T23:38:57Z,2025-08-22T12:37:45Z,C++,1471,43,1063,983
applied-ml,eugeneyan,28242,2020-07-04T18:57:47Z,2024-07-18T22:41:02Z,Unknown,208,0,24,22
async,caolan,28224,2010-06-01T21:01:30Z,2025-08-14T19:06:53Z,JavaScript,558,7,1142,1132
gitbook,GitbookIO,28218,2014-03-31T03:01:56Z,2025-08-22T17:23:33Z,TypeScript,1302,75,1910,1882
linera-protocol,linera-io,28216,2021-12-19T04:09:21Z,2025-08-22T23:57:39Z,Rust,2687,18,1246,774
druid,alibaba,28181,2011-11-03T05:12:51Z,2025-08-22T08:14:13Z,Java,1518,51,4538,2285
nginxconfig.io,digitalocean,28177,2018-01-05T14:21:14Z,2024-12-14T10:56:21Z,JavaScript,191,0,239,184
nginx-proxy-manager,NginxProxyManager,28121,2017-12-20T23:01:16Z,2025-08-22T02:38:33Z,JavaScript,530,77,3000,2085
marker,datalab-to,28111,2023-10-30T20:14:08Z,2025-08-22T19:32:25Z,Python,200,63,557,291
backbone,jashkenas,28108,2010-09-30T19:41:28Z,2025-04-01T11:14:31Z,JavaScript,881,0,2406,2364
dnSpy,dnSpy,28077,2015-07-01T16:05:10Z,2020-12-20T23:55:15Z,C#,53,1,0,0
swagger-ui,swagger-api,28062,2011-07-15T22:56:39Z,2025-08-21T15:45:53Z,JavaScript,3308,376,5636,4428
python-telegram-bot,python-telegram-bot,28042,2015-07-07T15:30:39Z,2025-08-22T18:11:05Z,Python,1636,127,2279,2264
Python-programming-exercises,zhiwehu,28037,2012-06-14T07:56:46Z,2025-04-28T14:03:44Z,Unknown,0,0,85,17
ChatGPT,acheong08,28035,2022-12-03T14:35:24Z,2023-08-02T06:02:10Z,Python,292,277,803,792
trivy,aquasecurity,28016,2019-04-11T01:01:07Z,2025-08-22T06:16:06Z,Go,3182,171,2910,2751
mobx,mobxjs,28013,2015-03-14T14:31:38Z,2025-06-15T19:59:49Z,TypeScript,1152,113,1972,1914
react-select,JedWatson,28005,2014-08-26T04:27:45Z,2025-07-11T12:49:28Z,TypeScript,1054,61,3630,3249
waifu2x,nagadomi,28004,2015-05-17T07:29:15Z,2023-05-04T00:50:48Z,Lua,68,3,368,216
Charts,ChartsOrg,27933,2015-03-20T10:49:12Z,2025-05-13T04:45:38Z,Swift,427,38,4278,3388
vhr,lenve,27915,2018-01-04T08:57:51Z,2024-11-25T00:07:39Z,Java,1,0,254,97
erpnext,frappe,27882,2011-06-08T08:20:56Z,2025-08-22T19:21:00Z,Python,26454,1000,16778,14508
python-fire,google,27842,2017-02-21T21:35:07Z,2025-08-16T21:26:05Z,Python,135,12,332,207
headlessui,tailwindlabs,27840,2020-09-16T09:53:09Z,2025-07-30T14:03:47Z,TypeScript,619,127,1398,1288
Web,qianguyihao,27831,2017-01-03T11:44:33Z,2025-02-24T05:21:42Z,Unknown,0,0,226,156
raylib,raysan5,27831,2013-10-24T15:46:04Z,2025-08-23T00:00:33Z,C,2164,24,2032,2012
ResumeSample,geekcompany,27815,2014-09-08T08:08:13Z,2024-08-14T10:20:23Z,Unknown,2,0,0,0
create-t3-app,t3-oss,27813,2022-05-24T13:31:01Z,2025-06-09T23:21:36Z,TypeScript,1114,138,738,675
nginx,nginx,27811,2015-06-23T10:26:27Z,2025-08-19T11:47:51Z,C,95,8,350,172
aos,michalsnik,27796,2015-07-09T17:49:00Z,2024-03-26T15:58:43Z,JavaScript,38,0,704,360
litellm,BerriAI,27784,2023-07-27T00:09:52Z,2025-08-22T23:49:58Z,Python,5330,987,6584,5715
Probabilistic-Programming-and-Bayesian-Methods-for-Hackers,CamDavidsonPilon,27756,2013-01-14T15:46:28Z,2024-06-25T20:42:58Z,Jupyter Notebook,243,0,247,90
WindTerm,kingToolbox,27712,2019-10-09T19:56:09Z,2025-03-11T19:12:09Z,C,1,32,2744,564
yazi,sxyazi,27699,2023-07-08T11:45:55Z,2025-08-21T01:53:41Z,Rust,953,27,1415,1375
redash,getredash,27684,2013-10-28T13:19:39Z,2025-08-22T18:42:36Z,Python,3256,100,2573,1956
yapi,YMFE,27659,2016-05-30T09:09:09Z,2024-08-12T09:29:34Z,JavaScript,141,1,2458,922
EasyOCR,JaidedAI,27638,2020-03-14T11:46:39Z,2024-09-24T11:24:36Z,Python,177,23,1071,607
flameshot,flameshot-org,27605,2017-05-10T19:44:51Z,2025-08-22T22:18:15Z,C++,965,30,2765,2097
commander.js,tj,27568,2011-08-14T21:33:58Z,2025-08-18T07:36:37Z,JavaScript,827,83,1138,1131
so-vits-svc,svc-develop-team,27544,2023-03-10T09:31:09Z,2023-11-11T13:11:31Z,Python,153,0,130,109
srs,ossrs,27542,2015-04-29T06:59:32Z,2025-08-21T16:03:38Z,C++,507,68,1539,1313
